set search_path to chronos_ml;
-- ============================================================
-- chronos_ml  —  Realistic seed data  (~320 rows)
-- ============================================================
SET search_path TO chronos_ml;

-- ── USERS ──────────────────────────────────────────────────
INSERT INTO Users(User_ID,Password_Hash,Role,Created_At,Email,First_Name,Middle_Name,Last_Name) VALUES ('c4495d27-5ef3-417a-912c-f5cbf6adca73','9424138522bf611657319def7a31b1f103cd3ccbca88c70c63c2df239668','Data Administrator','2022-02-05 07:14:00','rahul.verma0@yahoo.co.in','Rahul','Kumar','Verma');
INSERT INTO Users(User_ID,Password_Hash,Role,Created_At,Email,First_Name,Middle_Name,Last_Name) VALUES ('8f0cd434-9ac4-4acb-89cc-d8492892f14e','64c8369b61d3765628325b36ac6e4460deddf300f9ac493164c5f7111e7c','Data Scientist','2022-03-17 13:02:00','manish.trivedi1@gmail.com','Manish','Kumar','Trivedi');
INSERT INTO Users(User_ID,Password_Hash,Role,Created_At,Email,First_Name,Middle_Name,Last_Name) VALUES ('cbf34b31-fc78-436a-a6d7-1cfa9248c912','17cc4b17a26990b6960adb2f58f0b5271cd5712565e396410c9f44b94cdb','ML Engineer','2022-03-19 00:35:00','sai.menon2@yahoo.co.in','Sai','Prasad','Menon');
INSERT INTO Users(User_ID,Password_Hash,Role,Created_At,Email,First_Name,Middle_Name,Last_Name) VALUES ('ad5fe1f6-ddd1-4ce5-abdc-326a4982a40c','9f1a6808b282d5cef172c4c8d53b34f5878934108c8cc7ab60059a9b004a','ML Engineer','2022-01-29 14:37:00','deepak.trivedi3@outlook.com','Deepak','Rani','Trivedi');
INSERT INTO Users(User_ID,Password_Hash,Role,Created_At,Email,First_Name,Middle_Name,Last_Name) VALUES ('c3316e10-ad80-440d-a70c-fee638034f18','8d0b0287768d24edd7a7ff55a8614b0e1479da3a81e0f79a92b7efb56d3e','Data Administrator','2022-02-24 10:17:00','rekha.reddy4@yahoo.co.in','Rekha',NULL,'Reddy');
INSERT INTO Users(User_ID,Password_Hash,Role,Created_At,Email,First_Name,Middle_Name,Last_Name) VALUES ('ae7940f0-34fd-4328-81b8-c993833c6e0b','1f43a6d337dc75b80f3f2bf54d8b51471d5d6e1fd2ef6ca0c936462e9613','Data Scientist','2022-02-18 03:22:00','kabir.joshi5@nit.ac.in','Kabir','Bai','Joshi');
INSERT INTO Users(User_ID,Password_Hash,Role,Created_At,Email,First_Name,Middle_Name,Last_Name) VALUES ('befc141b-1946-401c-8bdc-bd9e76cced1e','58f886aeb0faf860a93d296ccb289737fd865c994e3ab0034396be06b5ee','Surfer','2022-01-06 23:29:00','isha.shah6@rediffmail.com','Isha','Chandra','Shah');
INSERT INTO Users(User_ID,Password_Hash,Role,Created_At,Email,First_Name,Middle_Name,Last_Name) VALUES ('b5ce118d-db90-415c-958f-84be0645dea6','4a16588e2593dd7a32b374fa8efded379dde343486ddbf1cb22cb05b98d9','ML Engineer','2022-02-07 20:39:00','ayaan.mehta7@nit.ac.in','Ayaan','Nath','Mehta');
INSERT INTO Users(User_ID,Password_Hash,Role,Created_At,Email,First_Name,Middle_Name,Last_Name) VALUES ('8848134e-19df-4661-aada-a96d2981dac4','7046ef542e6323daf6cad7366b6b4984a9ed6a24521bf5351fb60defc2c6','Data Administrator','2022-01-09 01:42:00','kavya.iyer8@yahoo.co.in','Kavya','Chandra','Iyer');
INSERT INTO Users(User_ID,Password_Hash,Role,Created_At,Email,First_Name,Middle_Name,Last_Name) VALUES ('a39b18dc-e434-4243-b8c5-aea132c8c055','8411d9d9d0a6a7d19bf9169748e0161a949af9a2f1612beed2a29dbf43d3','Surfer','2022-01-30 03:24:00','gaurav.mehta9@outlook.com','Gaurav','Devi','Mehta');
INSERT INTO Users(User_ID,Password_Hash,Role,Created_At,Email,First_Name,Middle_Name,Last_Name) VALUES ('9023a432-6d80-4499-bfa4-627c65a45079','28962a33318128cc20d45bd1d5baf3de5d37cb7ef93e2f80613a0202ddae','Data Scientist','2022-02-17 11:13:00','divya.das10@iitb.ac.in','Divya','Rani','Das');
INSERT INTO Users(User_ID,Password_Hash,Role,Created_At,Email,First_Name,Middle_Name,Last_Name) VALUES ('055ae609-4fc9-4fee-84db-5d8e21361372','cb8c0a7733f8b57ffba702b450f49320a17369287bdfcee822b6765b7d80','ML Engineer','2022-03-23 05:34:00','advaith.patel11@iitb.ac.in','Advaith','Rani','Patel');
INSERT INTO Users(User_ID,Password_Hash,Role,Created_At,Email,First_Name,Middle_Name,Last_Name) VALUES ('dd8155f7-c3ec-482e-9baa-96d61013621b','a14e7c699b18a3de245564029e30661761ca6373c0ba2dda5627f0b07cf6','ML Engineer','2022-02-04 20:44:00','arnav.sinha12@rediffmail.com','Arnav','Lal','Sinha');
INSERT INTO Users(User_ID,Password_Hash,Role,Created_At,Email,First_Name,Middle_Name,Last_Name) VALUES ('d19bbae4-5219-49d9-b22f-71fdee48bf32','63678a83022478191b55b741f61b5b216052b922ca9b517431d0f49a053f','Surfer','2022-04-09 01:14:00','ritvik.bose13@nit.ac.in','Ritvik','Rani','Bose');
INSERT INTO Users(User_ID,Password_Hash,Role,Created_At,Email,First_Name,Middle_Name,Last_Name) VALUES ('dfe22e6d-92ba-43eb-9da8-303d31ebe1f1','2fbaf52e511b0fa33c4bfa19e9c178075efec119c174ec08b4936dd341e4','Data Scientist','2022-01-09 06:58:00','aditya.sen14@rediffmail.com','Aditya','Bai','Sen');
INSERT INTO Users(User_ID,Password_Hash,Role,Created_At,Email,First_Name,Middle_Name,Last_Name) VALUES ('cc4892e1-86f5-44f9-bd1d-336cf17ac228','746384421f6cd7b3fa23fb0037bab40c3f4287cc99b87511c3a54896e1a8','Data Administrator','2022-03-05 12:56:00','vandana.pillai15@iitb.ac.in','Vandana','Bai','Pillai');
INSERT INTO Users(User_ID,Password_Hash,Role,Created_At,Email,First_Name,Middle_Name,Last_Name) VALUES ('5c5c6f56-6ab0-429a-8785-4fda69e0cb68','ca930151e3a4778ab377f91ea83c57e5eea17fc2bb0fb666561c6879dff1','Data Scientist','2022-02-01 23:35:00','divya.shah16@rediffmail.com','Divya','Lal','Shah');
INSERT INTO Users(User_ID,Password_Hash,Role,Created_At,Email,First_Name,Middle_Name,Last_Name) VALUES ('7cab0209-d233-4b1d-b2e8-b20ed46313e0','8c62716a8b1e87e4b6a80e3fef02286fc4564ee6bcf21e2c29def2a1fd35','ML Engineer','2022-02-21 11:14:00','parth.dutta17@yahoo.co.in','Parth','Chandra','Dutta');
INSERT INTO Users(User_ID,Password_Hash,Role,Created_At,Email,First_Name,Middle_Name,Last_Name) VALUES ('4bcaa2c4-1bcb-4a8d-a67e-32976eb70349','78d920d9b7b7e5def7d4329d6246aad3f9543e594f834304dc45890b26e3','Surfer','2022-01-07 03:09:00','nandini.mehta18@iitb.ac.in','Nandini','Raj','Mehta');
INSERT INTO Users(User_ID,Password_Hash,Role,Created_At,Email,First_Name,Middle_Name,Last_Name) VALUES ('8a3d1287-e9c8-46a3-8ab0-6a724a875d1d','595bfe5d2b9a81a8df76650ff23ff3dbc715af1491fe15613b89d743b603','ML Engineer','2022-01-09 12:24:00','shaurya.dutta19@rediffmail.com','Shaurya','Rani','Dutta');

-- ── MODELS ─────────────────────────────────────────────────
INSERT INTO Model(Model_ID,Model_Name,Description,Problem_Type,License_Type,Is_Public,Created_At,Category) VALUES ('3972dd80-06dd-43d8-9e30-0ef72fb99951','ChurnGuard','Predicts customer churn probability','Classification','CC-BY-4.0',FALSE,'2022-07-11 00:43:00','Supervised Learning');
INSERT INTO Model(Model_ID,Model_Name,Description,Problem_Type,License_Type,Is_Public,Created_At,Category) VALUES ('5505daad-4155-4a70-8caa-8850bc35b317','PriceSense','Dynamic pricing regression model','Regression','MIT',FALSE,'2022-05-18 03:18:00','Supervised Learning');
INSERT INTO Model(Model_ID,Model_Name,Description,Problem_Type,License_Type,Is_Public,Created_At,Category) VALUES ('9a433762-d9c5-4eb0-99e6-c8ccbc848ef6','FraudShield','Real-time transaction fraud detection','Classification','CC-BY-4.0',TRUE,'2022-06-16 00:46:00','Supervised Learning');
INSERT INTO Model(Model_ID,Model_Name,Description,Problem_Type,License_Type,Is_Public,Created_At,Category) VALUES ('5cccd9f9-8249-4758-a0a7-8aaa916808e6','ImageSortNet','Multi-class product image classifier','Computer Vision','GPL-3.0',TRUE,'2022-06-29 03:55:00','Deep Learning');
INSERT INTO Model(Model_ID,Model_Name,Description,Problem_Type,License_Type,Is_Public,Created_At,Category) VALUES ('5c5443f8-b24b-49a9-8bad-181e3f1e6dea','SentimentIQ','Multilingual sentiment analysis','NLP','GPL-3.0',TRUE,'2022-03-31 11:48:00','Deep Learning');
INSERT INTO Model(Model_ID,Model_Name,Description,Problem_Type,License_Type,Is_Public,Created_At,Category) VALUES ('c6ea5c59-2059-43b1-bffd-b566a063da22','DemandForecast','Time-series demand forecasting','Regression','Apache-2.0',TRUE,'2022-05-13 15:01:00','Supervised Learning');
INSERT INTO Model(Model_ID,Model_Name,Description,Problem_Type,License_Type,Is_Public,Created_At,Category) VALUES ('bf2d8873-e584-4c03-8a07-3ab00e864a83','ClusterX','Customer segmentation via clustering','Clustering','MIT',FALSE,'2022-05-09 07:03:00','Unsupervised Learning');
INSERT INTO Model(Model_ID,Model_Name,Description,Problem_Type,License_Type,Is_Public,Created_At,Category) VALUES ('06cd053a-9a36-4f50-8003-98ac2c2d52d5','RecoEngine','Collaborative filtering recommender','Generative','Apache-2.0',TRUE,'2022-03-13 23:31:00','Semi-Supervised Learning');
INSERT INTO Model(Model_ID,Model_Name,Description,Problem_Type,License_Type,Is_Public,Created_At,Category) VALUES ('5471a3fb-b05a-4053-a6eb-be7819c70885','AnomalyWatch','IoT sensor anomaly detection','Classification','MIT',TRUE,'2022-03-24 21:30:00','Unsupervised Learning');
INSERT INTO Model(Model_ID,Model_Name,Description,Problem_Type,License_Type,Is_Public,Created_At,Category) VALUES ('6a5eb0e4-bfc4-46a5-a1ee-d789d897d471','LeadScore','B2B lead conversion scoring','Classification','Proprietary',TRUE,'2022-04-28 16:55:00','Supervised Learning');
INSERT INTO Model(Model_ID,Model_Name,Description,Problem_Type,License_Type,Is_Public,Created_At,Category) VALUES ('7527abb9-abc3-4a88-b897-a7ebe875f902','DocParser','Invoice and document extraction','NLP','Proprietary',FALSE,'2022-04-15 17:48:00','Deep Learning');
INSERT INTO Model(Model_ID,Model_Name,Description,Problem_Type,License_Type,Is_Public,Created_At,Category) VALUES ('8d1aaebf-1945-4df2-ba23-878a65916daa','RiskRater','Credit risk regression','Regression','Apache-2.0',FALSE,'2022-06-02 21:41:00','Supervised Learning');
INSERT INTO Model(Model_ID,Model_Name,Description,Problem_Type,License_Type,Is_Public,Created_At,Category) VALUES ('091a2261-2844-48b8-86a5-d6037cdc388a','ObjectFind','Warehouse object detection','Object Detection','GPL-3.0',FALSE,'2022-07-02 14:07:00','Deep Learning');
INSERT INTO Model(Model_ID,Model_Name,Description,Problem_Type,License_Type,Is_Public,Created_At,Category) VALUES ('06be3208-a1d4-4460-b9de-69ded96fff1e','HealthPredict','Patient readmission prediction','Classification','Apache-2.0',TRUE,'2022-03-08 10:01:00','Supervised Learning');
INSERT INTO Model(Model_ID,Model_Name,Description,Problem_Type,License_Type,Is_Public,Created_At,Category) VALUES ('7f91c1aa-1dc4-4dd3-9793-6e52cca3ad9f','TopicMiner','Latent topic modelling','Clustering','Proprietary',TRUE,'2022-07-20 07:00:00','Unsupervised Learning');
INSERT INTO Model(Model_ID,Model_Name,Description,Problem_Type,License_Type,Is_Public,Created_At,Category) VALUES ('28085580-f25c-4be6-b1e4-52b2b1d3d683','RetentionRL','Reinforcement learning retention agent','Other','MIT',TRUE,'2022-04-19 02:57:00','Reinforcement Learning');
INSERT INTO Model(Model_ID,Model_Name,Description,Problem_Type,License_Type,Is_Public,Created_At,Category) VALUES ('6e1ff507-5e06-431a-a9a0-aaf1ce92b215','SpeechTag','Audio speech-to-intent tagger','NLP','MIT',FALSE,'2022-03-10 16:15:00','Deep Learning');
INSERT INTO Model(Model_ID,Model_Name,Description,Problem_Type,License_Type,Is_Public,Created_At,Category) VALUES ('d97beaa1-eb9c-4a6e-8ab5-3c8a42209b9e','SupplyOpt','Supply-chain optimisation','Regression','GPL-3.0',FALSE,'2022-04-15 17:08:00','Semi-Supervised Learning');

-- ── DATASETS ───────────────────────────────────────────────
INSERT INTO Dataset(Dataset_ID,Dataset_Name,Description,Status,Source,Created_At,Is_Public) VALUES ('86fb760b-18a6-43d0-9c48-b6a45f393409','Telecom Churn Dataset','Historical telecom customer churn records','Draft','kaggle.com/datasets/telecom-churn','2022-03-14 15:51:00',FALSE);
INSERT INTO Dataset(Dataset_ID,Dataset_Name,Description,Status,Source,Created_At,Is_Public) VALUES ('9fec595f-a45f-45e0-8e1a-74639be0ddca','E-Commerce Transactions','Online purchase transactions with labels','Active','internal-datalake-s3','2022-02-04 03:42:00',TRUE);
INSERT INTO Dataset(Dataset_ID,Dataset_Name,Description,Status,Source,Created_At,Is_Public) VALUES ('f3209a9d-fda3-435f-b901-be88128ff77c','Fraud Detection Log','Bank transaction logs labelled for fraud','Active','rbi-opendata.gov.in','2022-04-29 13:29:00',FALSE);
INSERT INTO Dataset(Dataset_ID,Dataset_Name,Description,Status,Source,Created_At,Is_Public) VALUES ('31579264-50b8-40c0-a0c8-6616fdaba1e7','Product Image Catalogue','300k labelled product images','Draft','cdn.retailcorp.in','2022-02-05 01:25:00',TRUE);
INSERT INTO Dataset(Dataset_ID,Dataset_Name,Description,Status,Source,Created_At,Is_Public) VALUES ('444e4296-905b-449a-b78c-b3dd9dec0bee','Customer Reviews Corpus','Multilingual product reviews 2018-2023','Draft','scraper-pipeline-v2','2022-02-07 07:12:00',FALSE);
INSERT INTO Dataset(Dataset_ID,Dataset_Name,Description,Status,Source,Created_At,Is_Public) VALUES ('63df9178-8c5e-417a-b53b-9e794beb8dd2','Retail Demand History','Weekly SKU demand by store','Active','erp-export-2023','2022-02-15 13:11:00',FALSE);
INSERT INTO Dataset(Dataset_ID,Dataset_Name,Description,Status,Source,Created_At,Is_Public) VALUES ('37a6d4d7-2be1-4b10-983a-83d9befde9b2','Customer Segments Raw','CRM export with demographic features','Active','salesforce-export','2022-03-15 02:28:00',FALSE);
INSERT INTO Dataset(Dataset_ID,Dataset_Name,Description,Status,Source,Created_At,Is_Public) VALUES ('cdd458b6-03fb-4854-a3d9-6281b64f499a','Interaction Logs','User click and session logs','Deprecated','clickstream-kafka','2022-01-23 20:34:00',TRUE);
INSERT INTO Dataset(Dataset_ID,Dataset_Name,Description,Status,Source,Created_At,Is_Public) VALUES ('0fd186d5-4da1-490a-8a79-b79bfd65f411','IoT Sensor Readings','Factory floor IoT temperature/pressure','Active','iot-gateway-stream','2022-03-12 05:26:00',TRUE);
INSERT INTO Dataset(Dataset_ID,Dataset_Name,Description,Status,Source,Created_At,Is_Public) VALUES ('14811ef7-3374-4879-aa00-993c0a0eb247','B2B Leads CRM','Salesforce leads with conversion labels','Active','salesforce-crm-api','2022-03-06 12:57:00',FALSE);
INSERT INTO Dataset(Dataset_ID,Dataset_Name,Description,Status,Source,Created_At,Is_Public) VALUES ('05f61ede-a3c8-4077-a72d-b54dcd6da337','Invoice Corpus','Scanned invoices with OCR ground truth','Active','accounts-s3-bucket','2022-04-18 00:24:00',TRUE);
INSERT INTO Dataset(Dataset_ID,Dataset_Name,Description,Status,Source,Created_At,Is_Public) VALUES ('2c7aeead-a0fd-4ee5-a81b-89f869f2d7de','Credit Bureau Data','Anonymised credit bureau records','Active','cibil-partner-api','2022-03-25 13:44:00',FALSE);
INSERT INTO Dataset(Dataset_ID,Dataset_Name,Description,Status,Source,Created_At,Is_Public) VALUES ('926b90a9-4ca9-4192-b8dc-04e7c2534fcd','Warehouse Camera Feed','Object detection frames labelled','Draft','warehouse-cv-pipeline','2022-02-19 06:18:00',FALSE);
INSERT INTO Dataset(Dataset_ID,Dataset_Name,Description,Status,Source,Created_At,Is_Public) VALUES ('f8037821-5db6-4f36-a1be-d7171c9ac615','Hospital Admissions','De-identified hospital admission records','Active','aiims-research-data','2022-05-29 01:47:00',TRUE);
INSERT INTO Dataset(Dataset_ID,Dataset_Name,Description,Status,Source,Created_At,Is_Public) VALUES ('dedfd071-fc3f-4649-96f1-f5045678e19e','Support Tickets','Customer support ticket text corpus','Active','zendesk-export','2022-01-23 18:30:00',TRUE);

-- ── MODEL_VERSIONS ─────────────────────────────────────────
INSERT INTO Model_Version(Model_ID,Version_No,Algorithm,Status,Created_At,Description) VALUES ('3972dd80-06dd-43d8-9e30-0ef72fb99951','v1.0','LightGBM','Staging','2022-08-11 00:43:00','Version 1 — initial release');
INSERT INTO Model_Version(Model_ID,Version_No,Algorithm,Status,Created_At,Description) VALUES ('3972dd80-06dd-43d8-9e30-0ef72fb99951','v2.0','LightGBM','Staging','2022-09-19 00:43:00','Version 2 — improved training pipeline and tuned hyperparams');
INSERT INTO Model_Version(Model_ID,Version_No,Algorithm,Status,Created_At,Description) VALUES ('5505daad-4155-4a70-8caa-8850bc35b317','v1.0','Lasso','Staging','2022-07-14 03:18:00','Version 1 — initial release');
INSERT INTO Model_Version(Model_ID,Version_No,Algorithm,Status,Created_At,Description) VALUES ('5505daad-4155-4a70-8caa-8850bc35b317','v2.0','LightGBM Regressor','Production','2022-08-18 03:18:00','Version 2 — improved training pipeline and tuned hyperparams');
INSERT INTO Model_Version(Model_ID,Version_No,Algorithm,Status,Created_At,Description) VALUES ('5505daad-4155-4a70-8caa-8850bc35b317','v3.0','Random Forest Regressor','Production','2022-09-03 03:18:00','Version 3 — improved training pipeline and tuned hyperparams');
INSERT INTO Model_Version(Model_ID,Version_No,Algorithm,Status,Created_At,Description) VALUES ('9a433762-d9c5-4eb0-99e6-c8ccbc848ef6','v1.0','CatBoost','Production','2022-07-21 00:46:00','Version 1 — initial release');
INSERT INTO Model_Version(Model_ID,Version_No,Algorithm,Status,Created_At,Description) VALUES ('9a433762-d9c5-4eb0-99e6-c8ccbc848ef6','v2.0','Random Forest','Production','2022-09-02 00:46:00','Version 2 — improved training pipeline and tuned hyperparams');
INSERT INTO Model_Version(Model_ID,Version_No,Algorithm,Status,Created_At,Description) VALUES ('5cccd9f9-8249-4758-a0a7-8aaa916808e6','v1.0','ResNet-50','Production','2022-07-19 03:55:00','Version 1 — initial release');
INSERT INTO Model_Version(Model_ID,Version_No,Algorithm,Status,Created_At,Description) VALUES ('5cccd9f9-8249-4758-a0a7-8aaa916808e6','v2.0','DenseNet-121','Production','2022-08-20 03:55:00','Version 2 — improved training pipeline and tuned hyperparams');
INSERT INTO Model_Version(Model_ID,Version_No,Algorithm,Status,Created_At,Description) VALUES ('5cccd9f9-8249-4758-a0a7-8aaa916808e6','v3.0','EfficientNet-B4','Staging','2022-12-02 03:55:00','Version 3 — improved training pipeline and tuned hyperparams');
INSERT INTO Model_Version(Model_ID,Version_No,Algorithm,Status,Created_At,Description) VALUES ('5c5443f8-b24b-49a9-8bad-181e3f1e6dea','v1.0','RoBERTa','Staging','2022-04-24 11:48:00','Version 1 — initial release');
INSERT INTO Model_Version(Model_ID,Version_No,Algorithm,Status,Created_At,Description) VALUES ('5c5443f8-b24b-49a9-8bad-181e3f1e6dea','v2.0','RoBERTa','Archived','2022-06-15 11:48:00','Version 2 — improved training pipeline and tuned hyperparams');
INSERT INTO Model_Version(Model_ID,Version_No,Algorithm,Status,Created_At,Description) VALUES ('5c5443f8-b24b-49a9-8bad-181e3f1e6dea','v3.0','mBERT','Staging','2022-09-09 11:48:00','Version 3 — improved training pipeline and tuned hyperparams');
INSERT INTO Model_Version(Model_ID,Version_No,Algorithm,Status,Created_At,Description) VALUES ('c6ea5c59-2059-43b1-bffd-b566a063da22','v1.0','XGBoost Regressor','Production','2022-07-07 15:01:00','Version 1 — initial release');
INSERT INTO Model_Version(Model_ID,Version_No,Algorithm,Status,Created_At,Description) VALUES ('c6ea5c59-2059-43b1-bffd-b566a063da22','v2.0','LightGBM Regressor','Production','2022-07-08 15:01:00','Version 2 — improved training pipeline and tuned hyperparams');
INSERT INTO Model_Version(Model_ID,Version_No,Algorithm,Status,Created_At,Description) VALUES ('c6ea5c59-2059-43b1-bffd-b566a063da22','v3.0','LightGBM Regressor','Production','2022-10-25 15:01:00','Version 3 — improved training pipeline and tuned hyperparams');
INSERT INTO Model_Version(Model_ID,Version_No,Algorithm,Status,Created_At,Description) VALUES ('bf2d8873-e584-4c03-8a07-3ab00e864a83','v1.0','OPTICS','Production','2022-06-11 07:03:00','Version 1 — initial release');
INSERT INTO Model_Version(Model_ID,Version_No,Algorithm,Status,Created_At,Description) VALUES ('bf2d8873-e584-4c03-8a07-3ab00e864a83','v2.0','DBSCAN','Archived','2022-09-06 07:03:00','Version 2 — improved training pipeline and tuned hyperparams');
INSERT INTO Model_Version(Model_ID,Version_No,Algorithm,Status,Created_At,Description) VALUES ('06cd053a-9a36-4f50-8003-98ac2c2d52d5','v1.0','Diffusion','Production','2022-04-05 23:31:00','Version 1 — initial release');
INSERT INTO Model_Version(Model_ID,Version_No,Algorithm,Status,Created_At,Description) VALUES ('06cd053a-9a36-4f50-8003-98ac2c2d52d5','v2.0','Matrix Factorisation','Staging','2022-05-26 23:31:00','Version 2 — improved training pipeline and tuned hyperparams');
INSERT INTO Model_Version(Model_ID,Version_No,Algorithm,Status,Created_At,Description) VALUES ('06cd053a-9a36-4f50-8003-98ac2c2d52d5','v3.0','Diffusion','Staging','2022-06-05 23:31:00','Version 3 — improved training pipeline and tuned hyperparams');
INSERT INTO Model_Version(Model_ID,Version_No,Algorithm,Status,Created_At,Description) VALUES ('5471a3fb-b05a-4053-a6eb-be7819c70885','v1.0','Neural Network','Staging','2022-05-18 21:30:00','Version 1 — initial release');
INSERT INTO Model_Version(Model_ID,Version_No,Algorithm,Status,Created_At,Description) VALUES ('5471a3fb-b05a-4053-a6eb-be7819c70885','v2.0','XGBoost','Archived','2022-05-17 21:30:00','Version 2 — improved training pipeline and tuned hyperparams');
INSERT INTO Model_Version(Model_ID,Version_No,Algorithm,Status,Created_At,Description) VALUES ('5471a3fb-b05a-4053-a6eb-be7819c70885','v3.0','Random Forest','Staging','2022-09-02 21:30:00','Version 3 — improved training pipeline and tuned hyperparams');
INSERT INTO Model_Version(Model_ID,Version_No,Algorithm,Status,Created_At,Description) VALUES ('6a5eb0e4-bfc4-46a5-a1ee-d789d897d471','v1.0','Random Forest','Archived','2022-06-14 16:55:00','Version 1 — initial release');
INSERT INTO Model_Version(Model_ID,Version_No,Algorithm,Status,Created_At,Description) VALUES ('6a5eb0e4-bfc4-46a5-a1ee-d789d897d471','v2.0','SVM','Staging','2022-07-23 16:55:00','Version 2 — improved training pipeline and tuned hyperparams');
INSERT INTO Model_Version(Model_ID,Version_No,Algorithm,Status,Created_At,Description) VALUES ('7527abb9-abc3-4a88-b897-a7ebe875f902','v1.0','DistilBERT','Archived','2022-05-20 17:48:00','Version 1 — initial release');
INSERT INTO Model_Version(Model_ID,Version_No,Algorithm,Status,Created_At,Description) VALUES ('7527abb9-abc3-4a88-b897-a7ebe875f902','v2.0','RoBERTa','Production','2022-08-03 17:48:00','Version 2 — improved training pipeline and tuned hyperparams');
INSERT INTO Model_Version(Model_ID,Version_No,Algorithm,Status,Created_At,Description) VALUES ('8d1aaebf-1945-4df2-ba23-878a65916daa','v1.0','Ridge Regression','Deprecated','2022-07-07 21:41:00','Version 1 — initial release');
INSERT INTO Model_Version(Model_ID,Version_No,Algorithm,Status,Created_At,Description) VALUES ('8d1aaebf-1945-4df2-ba23-878a65916daa','v2.0','Ridge Regression','Archived','2022-09-02 21:41:00','Version 2 — improved training pipeline and tuned hyperparams');
INSERT INTO Model_Version(Model_ID,Version_No,Algorithm,Status,Created_At,Description) VALUES ('8d1aaebf-1945-4df2-ba23-878a65916daa','v3.0','Random Forest Regressor','Staging','2022-10-18 21:41:00','Version 3 — improved training pipeline and tuned hyperparams');
INSERT INTO Model_Version(Model_ID,Version_No,Algorithm,Status,Created_At,Description) VALUES ('091a2261-2844-48b8-86a5-d6037cdc388a','v1.0','YOLOv8','Production','2022-08-15 14:07:00','Version 1 — initial release');
INSERT INTO Model_Version(Model_ID,Version_No,Algorithm,Status,Created_At,Description) VALUES ('091a2261-2844-48b8-86a5-d6037cdc388a','v2.0','EfficientDet','Archived','2022-09-08 14:07:00','Version 2 — improved training pipeline and tuned hyperparams');
INSERT INTO Model_Version(Model_ID,Version_No,Algorithm,Status,Created_At,Description) VALUES ('06be3208-a1d4-4460-b9de-69ded96fff1e','v1.0','Neural Network','Archived','2022-04-19 10:01:00','Version 1 — initial release');
INSERT INTO Model_Version(Model_ID,Version_No,Algorithm,Status,Created_At,Description) VALUES ('06be3208-a1d4-4460-b9de-69ded96fff1e','v2.0','Logistic Regression','Production','2022-05-15 10:01:00','Version 2 — improved training pipeline and tuned hyperparams');
INSERT INTO Model_Version(Model_ID,Version_No,Algorithm,Status,Created_At,Description) VALUES ('7f91c1aa-1dc4-4dd3-9793-6e52cca3ad9f','v1.0','Gaussian Mixture','Production','2022-08-30 07:00:00','Version 1 — initial release');
INSERT INTO Model_Version(Model_ID,Version_No,Algorithm,Status,Created_At,Description) VALUES ('7f91c1aa-1dc4-4dd3-9793-6e52cca3ad9f','v2.0','K-Means','Production','2022-10-02 07:00:00','Version 2 — improved training pipeline and tuned hyperparams');
INSERT INTO Model_Version(Model_ID,Version_No,Algorithm,Status,Created_At,Description) VALUES ('28085580-f25c-4be6-b1e4-52b2b1d3d683','v1.0','SAC','Production','2022-06-12 02:57:00','Version 1 — initial release');
INSERT INTO Model_Version(Model_ID,Version_No,Algorithm,Status,Created_At,Description) VALUES ('28085580-f25c-4be6-b1e4-52b2b1d3d683','v2.0','PPO','Production','2022-06-12 02:57:00','Version 2 — improved training pipeline and tuned hyperparams');
INSERT INTO Model_Version(Model_ID,Version_No,Algorithm,Status,Created_At,Description) VALUES ('28085580-f25c-4be6-b1e4-52b2b1d3d683','v3.0','A3C','Archived','2022-07-21 02:57:00','Version 3 — improved training pipeline and tuned hyperparams');
INSERT INTO Model_Version(Model_ID,Version_No,Algorithm,Status,Created_At,Description) VALUES ('6e1ff507-5e06-431a-a9a0-aaf1ce92b215','v1.0','T5','Staging','2022-04-26 16:15:00','Version 1 — initial release');
INSERT INTO Model_Version(Model_ID,Version_No,Algorithm,Status,Created_At,Description) VALUES ('6e1ff507-5e06-431a-a9a0-aaf1ce92b215','v2.0','mBERT','Production','2022-05-29 16:15:00','Version 2 — improved training pipeline and tuned hyperparams');
INSERT INTO Model_Version(Model_ID,Version_No,Algorithm,Status,Created_At,Description) VALUES ('6e1ff507-5e06-431a-a9a0-aaf1ce92b215','v3.0','T5','Production','2022-05-30 16:15:00','Version 3 — improved training pipeline and tuned hyperparams');
INSERT INTO Model_Version(Model_ID,Version_No,Algorithm,Status,Created_At,Description) VALUES ('d97beaa1-eb9c-4a6e-8ab5-3c8a42209b9e','v1.0','Lasso','Archived','2022-05-21 17:08:00','Version 1 — initial release');
INSERT INTO Model_Version(Model_ID,Version_No,Algorithm,Status,Created_At,Description) VALUES ('d97beaa1-eb9c-4a6e-8ab5-3c8a42209b9e','v2.0','SVR','Staging','2022-05-25 17:08:00','Version 2 — improved training pipeline and tuned hyperparams');
INSERT INTO Model_Version(Model_ID,Version_No,Algorithm,Status,Created_At,Description) VALUES ('d97beaa1-eb9c-4a6e-8ab5-3c8a42209b9e','v3.0','Lasso','Production','2022-08-22 17:08:00','Version 3 — improved training pipeline and tuned hyperparams');

-- ── DATASET_VERSIONS ───────────────────────────────────────
INSERT INTO Dataset_Version(Dataset_ID,Version_No,Changelog,Num_Rows,Num_Features,Created_At) VALUES ('86fb760b-18a6-43d0-9c48-b6a45f393409','v1.0','v1: initial ingest',46686,93,'2022-04-27 15:51:00');
INSERT INTO Dataset_Version(Dataset_ID,Version_No,Changelog,Num_Rows,Num_Features,Created_At) VALUES ('86fb760b-18a6-43d0-9c48-b6a45f393409','v2.0','v2: Fixed label leakage',183119,87,'2022-05-25 15:51:00');
INSERT INTO Dataset_Version(Dataset_ID,Version_No,Changelog,Num_Rows,Num_Features,Created_At) VALUES ('9fec595f-a45f-45e0-8e1a-74639be0ddca','v1.0','v1: initial ingest',387358,46,'2022-03-07 03:42:00');
INSERT INTO Dataset_Version(Dataset_ID,Version_No,Changelog,Num_Rows,Num_Features,Created_At) VALUES ('f3209a9d-fda3-435f-b901-be88128ff77c','v1.0','v1: initial ingest',359643,60,'2022-05-24 13:29:00');
INSERT INTO Dataset_Version(Dataset_ID,Version_No,Changelog,Num_Rows,Num_Features,Created_At) VALUES ('f3209a9d-fda3-435f-b901-be88128ff77c','v2.0','v2: Fixed label leakage',220973,97,'2022-07-02 13:29:00');
INSERT INTO Dataset_Version(Dataset_ID,Version_No,Changelog,Num_Rows,Num_Features,Created_At) VALUES ('31579264-50b8-40c0-a0c8-6616fdaba1e7','v1.0','v1: initial ingest',110579,61,'2022-03-13 01:25:00');
INSERT INTO Dataset_Version(Dataset_ID,Version_No,Changelog,Num_Rows,Num_Features,Created_At) VALUES ('444e4296-905b-449a-b78c-b3dd9dec0bee','v1.0','v1: initial ingest',365109,103,'2022-03-22 07:12:00');
INSERT INTO Dataset_Version(Dataset_ID,Version_No,Changelog,Num_Rows,Num_Features,Created_At) VALUES ('444e4296-905b-449a-b78c-b3dd9dec0bee','v2.0','v2: Extended date range',101240,86,'2022-03-27 07:12:00');
INSERT INTO Dataset_Version(Dataset_ID,Version_No,Changelog,Num_Rows,Num_Features,Created_At) VALUES ('63df9178-8c5e-417a-b53b-9e794beb8dd2','v1.0','v1: initial ingest',297276,114,'2022-03-02 13:11:00');
INSERT INTO Dataset_Version(Dataset_ID,Version_No,Changelog,Num_Rows,Num_Features,Created_At) VALUES ('63df9178-8c5e-417a-b53b-9e794beb8dd2','v2.0','v2: Removed PII columns',169317,44,'2022-04-12 13:11:00');
INSERT INTO Dataset_Version(Dataset_ID,Version_No,Changelog,Num_Rows,Num_Features,Created_At) VALUES ('37a6d4d7-2be1-4b10-983a-83d9befde9b2','v1.0','v1: initial ingest',328065,91,'2022-04-09 02:28:00');
INSERT INTO Dataset_Version(Dataset_ID,Version_No,Changelog,Num_Rows,Num_Features,Created_At) VALUES ('37a6d4d7-2be1-4b10-983a-83d9befde9b2','v2.0','v2: Balanced class distribution',253787,64,'2022-05-26 02:28:00');
INSERT INTO Dataset_Version(Dataset_ID,Version_No,Changelog,Num_Rows,Num_Features,Created_At) VALUES ('37a6d4d7-2be1-4b10-983a-83d9befde9b2','v3.0','v3: Balanced class distribution',122041,73,'2022-07-13 02:28:00');
INSERT INTO Dataset_Version(Dataset_ID,Version_No,Changelog,Num_Rows,Num_Features,Created_At) VALUES ('cdd458b6-03fb-4854-a3d9-6281b64f499a','v1.0','v1: initial ingest',98967,92,'2022-02-09 20:34:00');
INSERT INTO Dataset_Version(Dataset_ID,Version_No,Changelog,Num_Rows,Num_Features,Created_At) VALUES ('cdd458b6-03fb-4854-a3d9-6281b64f499a','v2.0','v2: Extended date range',158785,73,'2022-03-14 20:34:00');
INSERT INTO Dataset_Version(Dataset_ID,Version_No,Changelog,Num_Rows,Num_Features,Created_At) VALUES ('cdd458b6-03fb-4854-a3d9-6281b64f499a','v3.0','v3: Removed PII columns',58961,112,'2022-05-11 20:34:00');
INSERT INTO Dataset_Version(Dataset_ID,Version_No,Changelog,Num_Rows,Num_Features,Created_At) VALUES ('0fd186d5-4da1-490a-8a79-b79bfd65f411','v1.0','v1: initial ingest',127776,111,'2022-04-02 05:26:00');
INSERT INTO Dataset_Version(Dataset_ID,Version_No,Changelog,Num_Rows,Num_Features,Created_At) VALUES ('0fd186d5-4da1-490a-8a79-b79bfd65f411','v2.0','v2: Added engineered features',87255,11,'2022-04-25 05:26:00');
INSERT INTO Dataset_Version(Dataset_ID,Version_No,Changelog,Num_Rows,Num_Features,Created_At) VALUES ('14811ef7-3374-4879-aa00-993c0a0eb247','v1.0','v1: initial ingest',330483,116,'2022-04-14 12:57:00');
INSERT INTO Dataset_Version(Dataset_ID,Version_No,Changelog,Num_Rows,Num_Features,Created_At) VALUES ('14811ef7-3374-4879-aa00-993c0a0eb247','v2.0','v2: Balanced class distribution',48182,66,'2022-05-31 12:57:00');
INSERT INTO Dataset_Version(Dataset_ID,Version_No,Changelog,Num_Rows,Num_Features,Created_At) VALUES ('05f61ede-a3c8-4077-a72d-b54dcd6da337','v1.0','v1: initial ingest',311817,32,'2022-05-25 00:24:00');
INSERT INTO Dataset_Version(Dataset_ID,Version_No,Changelog,Num_Rows,Num_Features,Created_At) VALUES ('05f61ede-a3c8-4077-a72d-b54dcd6da337','v2.0','v2: Balanced class distribution',375090,57,'2022-06-11 00:24:00');
INSERT INTO Dataset_Version(Dataset_ID,Version_No,Changelog,Num_Rows,Num_Features,Created_At) VALUES ('05f61ede-a3c8-4077-a72d-b54dcd6da337','v3.0','v3: Added engineered features',137918,26,'2022-08-25 00:24:00');
INSERT INTO Dataset_Version(Dataset_ID,Version_No,Changelog,Num_Rows,Num_Features,Created_At) VALUES ('2c7aeead-a0fd-4ee5-a81b-89f869f2d7de','v1.0','v1: initial ingest',418116,62,'2022-04-16 13:44:00');
INSERT INTO Dataset_Version(Dataset_ID,Version_No,Changelog,Num_Rows,Num_Features,Created_At) VALUES ('926b90a9-4ca9-4192-b8dc-04e7c2534fcd','v1.0','v1: initial ingest',431585,97,'2022-03-22 06:18:00');
INSERT INTO Dataset_Version(Dataset_ID,Version_No,Changelog,Num_Rows,Num_Features,Created_At) VALUES ('f8037821-5db6-4f36-a1be-d7171c9ac615','v1.0','v1: initial ingest',36328,79,'2022-06-20 01:47:00');
INSERT INTO Dataset_Version(Dataset_ID,Version_No,Changelog,Num_Rows,Num_Features,Created_At) VALUES ('f8037821-5db6-4f36-a1be-d7171c9ac615','v2.0','v2: Added engineered features',491018,116,'2022-07-26 01:47:00');
INSERT INTO Dataset_Version(Dataset_ID,Version_No,Changelog,Num_Rows,Num_Features,Created_At) VALUES ('dedfd071-fc3f-4649-96f1-f5045678e19e','v1.0','v1: initial ingest',430173,67,'2022-02-28 18:30:00');

-- ── TRAINING_RUNS ──────────────────────────────────────────
INSERT INTO Training_Run(Run_ID,Status,Created_At,Start_Time,End_Time,User_ID,Model_ID,Version_No) VALUES ('4e14450e-59c6-485a-8e16-48cd36bc4d75','Completed','2023-06-09 14:20:00','2023-06-09 14:39:00','2023-06-10 08:06:00','7cab0209-d233-4b1d-b2e8-b20ed46313e0','06be3208-a1d4-4460-b9de-69ded96fff1e','v1.0');
INSERT INTO Training_Run(Run_ID,Status,Created_At,Start_Time,End_Time,User_ID,Model_ID,Version_No) VALUES ('927fcbab-e98b-4327-a72a-367049056c80','Completed','2023-11-18 13:50:00','2023-11-18 14:16:00','2023-11-18 23:09:00','ae7940f0-34fd-4328-81b8-c993833c6e0b','8d1aaebf-1945-4df2-ba23-878a65916daa','v1.0');
INSERT INTO Training_Run(Run_ID,Status,Created_At,Start_Time,End_Time,User_ID,Model_ID,Version_No) VALUES ('e6a48003-34ae-47ab-8ffd-1718eac2f9f1','Completed','2023-03-21 08:18:00','2023-03-21 08:28:00','2023-03-21 12:13:00','cc4892e1-86f5-44f9-bd1d-336cf17ac228','06be3208-a1d4-4460-b9de-69ded96fff1e','v1.0');
INSERT INTO Training_Run(Run_ID,Status,Created_At,Start_Time,End_Time,User_ID,Model_ID,Version_No) VALUES ('01e5fb80-2253-45d1-a0ba-c52e526781f9','Completed','2024-01-24 02:02:00','2024-01-24 02:08:00','2024-01-24 07:22:00','9023a432-6d80-4499-bfa4-627c65a45079','5471a3fb-b05a-4053-a6eb-be7819c70885','v1.0');
INSERT INTO Training_Run(Run_ID,Status,Created_At,Start_Time,End_Time,User_ID,Model_ID,Version_No) VALUES ('cae8b1de-b975-41f3-aaa0-f96e68a4af00','Completed','2022-09-23 13:23:00','2022-09-23 13:26:00','2022-09-24 01:00:00','befc141b-1946-401c-8bdc-bd9e76cced1e','d97beaa1-eb9c-4a6e-8ab5-3c8a42209b9e','v3.0');
INSERT INTO Training_Run(Run_ID,Status,Created_At,Start_Time,End_Time,User_ID,Model_ID,Version_No) VALUES ('1bf48636-6274-483d-abe0-4bfd4aeb4a9e','Failed','2023-08-22 18:24:00','2023-08-22 18:44:00','2023-08-22 20:38:00','d19bbae4-5219-49d9-b22f-71fdee48bf32','c6ea5c59-2059-43b1-bffd-b566a063da22','v1.0');
INSERT INTO Training_Run(Run_ID,Status,Created_At,Start_Time,End_Time,User_ID,Model_ID,Version_No) VALUES ('da4a7902-4e12-4246-b75d-c683fa0f45e1','Failed','2022-07-26 10:51:00','2022-07-26 11:19:00','2022-07-27 01:13:00','cc4892e1-86f5-44f9-bd1d-336cf17ac228','6a5eb0e4-bfc4-46a5-a1ee-d789d897d471','v1.0');
INSERT INTO Training_Run(Run_ID,Status,Created_At,Start_Time,End_Time,User_ID,Model_ID,Version_No) VALUES ('b3f37145-ff99-41bd-b2ac-8747a50bafc3','Completed','2024-01-30 19:42:00','2024-01-30 19:57:00','2024-01-31 04:28:00','7cab0209-d233-4b1d-b2e8-b20ed46313e0','7527abb9-abc3-4a88-b897-a7ebe875f902','v1.0');
INSERT INTO Training_Run(Run_ID,Status,Created_At,Start_Time,End_Time,User_ID,Model_ID,Version_No) VALUES ('2cdf1d49-5c87-4cd3-b932-3af389d58e9a','Completed','2023-08-22 10:26:00','2023-08-22 10:42:00','2023-08-23 00:28:00','c4495d27-5ef3-417a-912c-f5cbf6adca73','091a2261-2844-48b8-86a5-d6037cdc388a','v1.0');
INSERT INTO Training_Run(Run_ID,Status,Created_At,Start_Time,End_Time,User_ID,Model_ID,Version_No) VALUES ('350339d0-5bec-4546-bd24-19f26c43e41c','Completed','2024-01-17 00:56:00','2024-01-17 00:58:00','2024-01-17 14:35:00','8a3d1287-e9c8-46a3-8ab0-6a724a875d1d','5cccd9f9-8249-4758-a0a7-8aaa916808e6','v2.0');
INSERT INTO Training_Run(Run_ID,Status,Created_At,Start_Time,End_Time,User_ID,Model_ID,Version_No) VALUES ('1ca0e4ba-89f2-4af5-8b7c-994cdb8a6ac5','Completed','2022-12-05 14:03:00','2022-12-05 14:11:00','2022-12-05 16:27:00','d19bbae4-5219-49d9-b22f-71fdee48bf32','9a433762-d9c5-4eb0-99e6-c8ccbc848ef6','v1.0');
INSERT INTO Training_Run(Run_ID,Status,Created_At,Start_Time,End_Time,User_ID,Model_ID,Version_No) VALUES ('2227889b-dd58-4e2c-bb7e-082b73f6e364','Completed','2023-06-30 12:00:00','2023-06-30 12:17:00','2023-07-01 02:33:00','9023a432-6d80-4499-bfa4-627c65a45079','8d1aaebf-1945-4df2-ba23-878a65916daa','v2.0');
INSERT INTO Training_Run(Run_ID,Status,Created_At,Start_Time,End_Time,User_ID,Model_ID,Version_No) VALUES ('c84bd95d-cc9d-4855-8e17-1628cea3d7d8','Cancelled','2022-09-11 11:11:00','2022-09-11 11:14:00',NULL,'7cab0209-d233-4b1d-b2e8-b20ed46313e0','3972dd80-06dd-43d8-9e30-0ef72fb99951','v2.0');
INSERT INTO Training_Run(Run_ID,Status,Created_At,Start_Time,End_Time,User_ID,Model_ID,Version_No) VALUES ('e458dadc-46c6-4987-a7e6-eed107da2a13','Completed','2023-02-09 00:16:00','2023-02-09 00:39:00','2023-02-09 05:54:00','b5ce118d-db90-415c-958f-84be0645dea6','3972dd80-06dd-43d8-9e30-0ef72fb99951','v2.0');
INSERT INTO Training_Run(Run_ID,Status,Created_At,Start_Time,End_Time,User_ID,Model_ID,Version_No) VALUES ('d1f1d166-4b56-4f46-ba72-8bec4c83f4b0','Completed','2023-02-28 14:23:00','2023-02-28 14:44:00','2023-03-01 00:33:00','4bcaa2c4-1bcb-4a8d-a67e-32976eb70349','5cccd9f9-8249-4758-a0a7-8aaa916808e6','v1.0');
INSERT INTO Training_Run(Run_ID,Status,Created_At,Start_Time,End_Time,User_ID,Model_ID,Version_No) VALUES ('3cb038e2-1aa4-4aef-ba1a-d0b564b24096','Completed','2023-01-03 08:43:00','2023-01-03 09:06:00','2023-01-03 11:05:00','ad5fe1f6-ddd1-4ce5-abdc-326a4982a40c','28085580-f25c-4be6-b1e4-52b2b1d3d683','v2.0');
INSERT INTO Training_Run(Run_ID,Status,Created_At,Start_Time,End_Time,User_ID,Model_ID,Version_No) VALUES ('5087ae8c-c581-4c1c-9a72-eb1dcbc74cd6','Completed','2023-02-08 02:26:00','2023-02-08 02:37:00','2023-02-08 10:43:00','dd8155f7-c3ec-482e-9baa-96d61013621b','6a5eb0e4-bfc4-46a5-a1ee-d789d897d471','v1.0');
INSERT INTO Training_Run(Run_ID,Status,Created_At,Start_Time,End_Time,User_ID,Model_ID,Version_No) VALUES ('f73fdeb0-76ae-4af6-bc4c-d9731649eb91','Completed','2022-11-20 18:27:00','2022-11-20 18:50:00','2022-11-20 21:12:00','8a3d1287-e9c8-46a3-8ab0-6a724a875d1d','d97beaa1-eb9c-4a6e-8ab5-3c8a42209b9e','v1.0');
INSERT INTO Training_Run(Run_ID,Status,Created_At,Start_Time,End_Time,User_ID,Model_ID,Version_No) VALUES ('03bcd213-26f7-477c-8061-546a9dc5fd0c','Completed','2023-12-20 20:04:00','2023-12-20 20:21:00','2023-12-20 22:15:00','cbf34b31-fc78-436a-a6d7-1cfa9248c912','5471a3fb-b05a-4053-a6eb-be7819c70885','v3.0');
INSERT INTO Training_Run(Run_ID,Status,Created_At,Start_Time,End_Time,User_ID,Model_ID,Version_No) VALUES ('7249cf38-1a69-4e00-a781-295042041a6a','Completed','2023-07-25 20:50:00','2023-07-25 20:57:00','2023-07-26 12:42:00','d19bbae4-5219-49d9-b22f-71fdee48bf32','9a433762-d9c5-4eb0-99e6-c8ccbc848ef6','v2.0');
INSERT INTO Training_Run(Run_ID,Status,Created_At,Start_Time,End_Time,User_ID,Model_ID,Version_No) VALUES ('14a85f7a-8cdf-4608-8084-fbc98654333b','Completed','2024-01-22 15:19:00','2024-01-22 15:29:00','2024-01-23 06:21:00','8848134e-19df-4661-aada-a96d2981dac4','06be3208-a1d4-4460-b9de-69ded96fff1e','v1.0');
INSERT INTO Training_Run(Run_ID,Status,Created_At,Start_Time,End_Time,User_ID,Model_ID,Version_No) VALUES ('9045bd09-8c7a-4e2e-aabd-6479b3d994b3','Completed','2022-10-16 08:36:00','2022-10-16 08:56:00','2022-10-17 00:11:00','b5ce118d-db90-415c-958f-84be0645dea6','06cd053a-9a36-4f50-8003-98ac2c2d52d5','v3.0');
INSERT INTO Training_Run(Run_ID,Status,Created_At,Start_Time,End_Time,User_ID,Model_ID,Version_No) VALUES ('aa3d47a0-2b28-47a2-bdb8-c157bbc0b0b3','Completed','2023-06-29 00:18:00','2023-06-29 00:31:00','2023-06-29 11:42:00','dd8155f7-c3ec-482e-9baa-96d61013621b','28085580-f25c-4be6-b1e4-52b2b1d3d683','v3.0');
INSERT INTO Training_Run(Run_ID,Status,Created_At,Start_Time,End_Time,User_ID,Model_ID,Version_No) VALUES ('abc9ea01-4539-42c8-af89-b042bf59e3ff','Completed','2023-05-02 19:36:00','2023-05-02 19:44:00','2023-05-03 05:19:00','9023a432-6d80-4499-bfa4-627c65a45079','bf2d8873-e584-4c03-8a07-3ab00e864a83','v1.0');
INSERT INTO Training_Run(Run_ID,Status,Created_At,Start_Time,End_Time,User_ID,Model_ID,Version_No) VALUES ('1b2586d4-7cbb-467d-a57a-572667bc67a5','Completed','2023-09-09 15:11:00','2023-09-09 15:35:00','2023-09-10 00:19:00','b5ce118d-db90-415c-958f-84be0645dea6','9a433762-d9c5-4eb0-99e6-c8ccbc848ef6','v1.0');
INSERT INTO Training_Run(Run_ID,Status,Created_At,Start_Time,End_Time,User_ID,Model_ID,Version_No) VALUES ('c245e3bb-e03b-46fe-8b7b-2d67e2c8a65a','Completed','2022-08-06 02:07:00','2022-08-06 02:18:00','2022-08-06 10:43:00','dfe22e6d-92ba-43eb-9da8-303d31ebe1f1','091a2261-2844-48b8-86a5-d6037cdc388a','v1.0');
INSERT INTO Training_Run(Run_ID,Status,Created_At,Start_Time,End_Time,User_ID,Model_ID,Version_No) VALUES ('b55252c1-b24e-4c11-9055-b4da0ee64127','Completed','2023-08-01 15:10:00','2023-08-01 15:35:00','2023-08-02 08:57:00','4bcaa2c4-1bcb-4a8d-a67e-32976eb70349','6e1ff507-5e06-431a-a9a0-aaf1ce92b215','v3.0');
INSERT INTO Training_Run(Run_ID,Status,Created_At,Start_Time,End_Time,User_ID,Model_ID,Version_No) VALUES ('42e691cc-a197-4cbe-a471-5072bb596180','Completed','2023-07-15 22:24:00','2023-07-15 22:29:00','2023-07-16 07:48:00','9023a432-6d80-4499-bfa4-627c65a45079','7f91c1aa-1dc4-4dd3-9793-6e52cca3ad9f','v1.0');
INSERT INTO Training_Run(Run_ID,Status,Created_At,Start_Time,End_Time,User_ID,Model_ID,Version_No) VALUES ('2a50ddb8-bbce-485b-8d0e-f4d3edcd0a9d','Completed','2022-11-19 23:17:00','2022-11-19 23:34:00','2022-11-20 05:46:00','9023a432-6d80-4499-bfa4-627c65a45079','5c5443f8-b24b-49a9-8bad-181e3f1e6dea','v3.0');
INSERT INTO Training_Run(Run_ID,Status,Created_At,Start_Time,End_Time,User_ID,Model_ID,Version_No) VALUES ('976a27a7-d8de-4c63-b72d-887d2312112b','Completed','2024-01-08 19:09:00','2024-01-08 19:18:00','2024-01-09 00:11:00','4bcaa2c4-1bcb-4a8d-a67e-32976eb70349','bf2d8873-e584-4c03-8a07-3ab00e864a83','v2.0');
INSERT INTO Training_Run(Run_ID,Status,Created_At,Start_Time,End_Time,User_ID,Model_ID,Version_No) VALUES ('f45a4360-102c-4ecb-91fc-231316e163ac','Completed','2023-05-25 00:42:00','2023-05-25 00:45:00','2023-05-25 18:53:00','ae7940f0-34fd-4328-81b8-c993833c6e0b','5471a3fb-b05a-4053-a6eb-be7819c70885','v3.0');
INSERT INTO Training_Run(Run_ID,Status,Created_At,Start_Time,End_Time,User_ID,Model_ID,Version_No) VALUES ('11ca24b5-efa8-4c30-a5b2-1a36492a9e6f','Failed','2022-11-26 20:35:00','2022-11-26 20:55:00','2022-11-27 13:01:00','a39b18dc-e434-4243-b8c5-aea132c8c055','7f91c1aa-1dc4-4dd3-9793-6e52cca3ad9f','v1.0');
INSERT INTO Training_Run(Run_ID,Status,Created_At,Start_Time,End_Time,User_ID,Model_ID,Version_No) VALUES ('af028465-9013-47d2-950d-468f481d7e31','Completed','2023-11-22 13:52:00','2023-11-22 14:21:00','2023-11-22 20:24:00','cc4892e1-86f5-44f9-bd1d-336cf17ac228','06cd053a-9a36-4f50-8003-98ac2c2d52d5','v1.0');
INSERT INTO Training_Run(Run_ID,Status,Created_At,Start_Time,End_Time,User_ID,Model_ID,Version_No) VALUES ('1fd0ed17-09c5-46e2-af1b-720bf0237f8f','Completed','2022-09-24 12:28:00','2022-09-24 12:31:00','2022-09-24 16:07:00','ad5fe1f6-ddd1-4ce5-abdc-326a4982a40c','8d1aaebf-1945-4df2-ba23-878a65916daa','v3.0');
INSERT INTO Training_Run(Run_ID,Status,Created_At,Start_Time,End_Time,User_ID,Model_ID,Version_No) VALUES ('3e666d4b-68e4-437f-8210-972eb4041048','Completed','2024-02-16 08:50:00','2024-02-16 09:05:00','2024-02-16 17:12:00','c3316e10-ad80-440d-a70c-fee638034f18','5cccd9f9-8249-4758-a0a7-8aaa916808e6','v3.0');
INSERT INTO Training_Run(Run_ID,Status,Created_At,Start_Time,End_Time,User_ID,Model_ID,Version_No) VALUES ('c82ff913-6c84-4316-b933-b37d3ed273a0','Completed','2023-03-08 15:55:00','2023-03-08 16:24:00','2023-03-09 08:22:00','8a3d1287-e9c8-46a3-8ab0-6a724a875d1d','28085580-f25c-4be6-b1e4-52b2b1d3d683','v2.0');
INSERT INTO Training_Run(Run_ID,Status,Created_At,Start_Time,End_Time,User_ID,Model_ID,Version_No) VALUES ('2abfba1f-f7c3-4997-8708-94214ef79353','Cancelled','2023-05-28 18:34:00','2023-05-28 18:39:00',NULL,'d19bbae4-5219-49d9-b22f-71fdee48bf32','28085580-f25c-4be6-b1e4-52b2b1d3d683','v1.0');
INSERT INTO Training_Run(Run_ID,Status,Created_At,Start_Time,End_Time,User_ID,Model_ID,Version_No) VALUES ('bc077571-21ea-4e67-bee2-e340367438c1','Completed','2023-04-16 21:01:00','2023-04-16 21:05:00','2023-04-17 03:20:00','befc141b-1946-401c-8bdc-bd9e76cced1e','c6ea5c59-2059-43b1-bffd-b566a063da22','v1.0');
INSERT INTO Training_Run(Run_ID,Status,Created_At,Start_Time,End_Time,User_ID,Model_ID,Version_No) VALUES ('040e5a3f-9071-4c1b-b4ad-001d1ba5988d','Completed','2023-09-11 14:33:00','2023-09-11 14:44:00','2023-09-12 07:02:00','c4495d27-5ef3-417a-912c-f5cbf6adca73','5c5443f8-b24b-49a9-8bad-181e3f1e6dea','v1.0');
INSERT INTO Training_Run(Run_ID,Status,Created_At,Start_Time,End_Time,User_ID,Model_ID,Version_No) VALUES ('be79f51d-797e-47b6-aec4-fa4916ad399f','Completed','2023-10-27 02:16:00','2023-10-27 02:43:00','2023-10-27 11:42:00','a39b18dc-e434-4243-b8c5-aea132c8c055','d97beaa1-eb9c-4a6e-8ab5-3c8a42209b9e','v3.0');
INSERT INTO Training_Run(Run_ID,Status,Created_At,Start_Time,End_Time,User_ID,Model_ID,Version_No) VALUES ('0f6ecc9d-fe1b-4ed2-8375-3344d4529c62','Completed','2023-02-07 12:57:00','2023-02-07 13:07:00','2023-02-08 07:21:00','4bcaa2c4-1bcb-4a8d-a67e-32976eb70349','6e1ff507-5e06-431a-a9a0-aaf1ce92b215','v1.0');
INSERT INTO Training_Run(Run_ID,Status,Created_At,Start_Time,End_Time,User_ID,Model_ID,Version_No) VALUES ('b43288bb-ae20-4bf3-b4ed-5745e35f689d','Completed','2022-09-19 05:30:00','2022-09-19 05:50:00','2022-09-19 16:28:00','cbf34b31-fc78-436a-a6d7-1cfa9248c912','5cccd9f9-8249-4758-a0a7-8aaa916808e6','v3.0');
INSERT INTO Training_Run(Run_ID,Status,Created_At,Start_Time,End_Time,User_ID,Model_ID,Version_No) VALUES ('c6f9ec0f-7ca8-4868-a74b-2dc1b5cf42f1','Completed','2022-11-24 14:34:00','2022-11-24 14:44:00','2022-11-25 01:28:00','dfe22e6d-92ba-43eb-9da8-303d31ebe1f1','06cd053a-9a36-4f50-8003-98ac2c2d52d5','v1.0');
INSERT INTO Training_Run(Run_ID,Status,Created_At,Start_Time,End_Time,User_ID,Model_ID,Version_No) VALUES ('da416d1f-c75a-4326-ab50-76c7e13cb79e','Completed','2023-12-07 13:53:00','2023-12-07 14:05:00','2023-12-07 17:01:00','7cab0209-d233-4b1d-b2e8-b20ed46313e0','091a2261-2844-48b8-86a5-d6037cdc388a','v2.0');
INSERT INTO Training_Run(Run_ID,Status,Created_At,Start_Time,End_Time,User_ID,Model_ID,Version_No) VALUES ('a47f1787-639b-41dd-8c75-5dccad1d2cf8','Completed','2022-08-15 02:04:00','2022-08-15 02:14:00','2022-08-15 04:02:00','8848134e-19df-4661-aada-a96d2981dac4','28085580-f25c-4be6-b1e4-52b2b1d3d683','v2.0');
INSERT INTO Training_Run(Run_ID,Status,Created_At,Start_Time,End_Time,User_ID,Model_ID,Version_No) VALUES ('7e92014f-1488-42db-8fd5-3cde3e4fbd30','Completed','2023-01-15 15:13:00','2023-01-15 15:33:00','2023-01-16 07:31:00','8f0cd434-9ac4-4acb-89cc-d8492892f14e','7f91c1aa-1dc4-4dd3-9793-6e52cca3ad9f','v2.0');
INSERT INTO Training_Run(Run_ID,Status,Created_At,Start_Time,End_Time,User_ID,Model_ID,Version_No) VALUES ('661fff83-a2ce-468f-9fcf-eda7f51fd419','Completed','2022-10-21 15:17:00','2022-10-21 15:22:00','2022-10-22 05:43:00','cc4892e1-86f5-44f9-bd1d-336cf17ac228','7527abb9-abc3-4a88-b897-a7ebe875f902','v2.0');
INSERT INTO Training_Run(Run_ID,Status,Created_At,Start_Time,End_Time,User_ID,Model_ID,Version_No) VALUES ('5dc0bbc3-d425-4bb9-a31f-b601d72c004f','Running','2023-09-14 22:03:00','2023-09-14 22:31:00',NULL,'9023a432-6d80-4499-bfa4-627c65a45079','5c5443f8-b24b-49a9-8bad-181e3f1e6dea','v1.0');
INSERT INTO Training_Run(Run_ID,Status,Created_At,Start_Time,End_Time,User_ID,Model_ID,Version_No) VALUES ('a5d3494c-dd0d-47dc-a923-ce57096b30dc','Completed','2023-10-28 01:54:00','2023-10-28 02:20:00','2023-10-28 11:40:00','8f0cd434-9ac4-4acb-89cc-d8492892f14e','7f91c1aa-1dc4-4dd3-9793-6e52cca3ad9f','v1.0');
INSERT INTO Training_Run(Run_ID,Status,Created_At,Start_Time,End_Time,User_ID,Model_ID,Version_No) VALUES ('40a6befd-2b29-49d8-9407-ad8de23a6859','Completed','2022-07-21 21:47:00','2022-07-21 21:55:00','2022-07-22 16:24:00','5c5c6f56-6ab0-429a-8785-4fda69e0cb68','6a5eb0e4-bfc4-46a5-a1ee-d789d897d471','v2.0');
INSERT INTO Training_Run(Run_ID,Status,Created_At,Start_Time,End_Time,User_ID,Model_ID,Version_No) VALUES ('be8b5ee2-52a4-4443-9a9c-63bb1a4f15f6','Completed','2023-12-12 20:22:00','2023-12-12 20:28:00','2023-12-12 22:41:00','055ae609-4fc9-4fee-84db-5d8e21361372','06be3208-a1d4-4460-b9de-69ded96fff1e','v1.0');
INSERT INTO Training_Run(Run_ID,Status,Created_At,Start_Time,End_Time,User_ID,Model_ID,Version_No) VALUES ('fcf1ad5a-7a49-45f5-b7ec-15e9b7726eaf','Completed','2023-11-28 02:42:00','2023-11-28 03:01:00','2023-11-28 11:46:00','dfe22e6d-92ba-43eb-9da8-303d31ebe1f1','06cd053a-9a36-4f50-8003-98ac2c2d52d5','v1.0');
INSERT INTO Training_Run(Run_ID,Status,Created_At,Start_Time,End_Time,User_ID,Model_ID,Version_No) VALUES ('b4b692b8-d407-4333-abfc-58740d166c51','Running','2023-09-10 01:52:00','2023-09-10 02:14:00',NULL,'7cab0209-d233-4b1d-b2e8-b20ed46313e0','3972dd80-06dd-43d8-9e30-0ef72fb99951','v1.0');
INSERT INTO Training_Run(Run_ID,Status,Created_At,Start_Time,End_Time,User_ID,Model_ID,Version_No) VALUES ('ab9ff3bb-6e23-47d1-8879-49c3901216bf','Completed','2023-05-14 16:28:00','2023-05-14 16:45:00','2023-05-15 02:11:00','cc4892e1-86f5-44f9-bd1d-336cf17ac228','5cccd9f9-8249-4758-a0a7-8aaa916808e6','v3.0');
INSERT INTO Training_Run(Run_ID,Status,Created_At,Start_Time,End_Time,User_ID,Model_ID,Version_No) VALUES ('dd7d9f79-7440-428e-9ff0-71ae61ff9320','Completed','2024-02-04 03:59:00','2024-02-04 04:24:00','2024-02-04 12:22:00','dfe22e6d-92ba-43eb-9da8-303d31ebe1f1','c6ea5c59-2059-43b1-bffd-b566a063da22','v3.0');

-- ── HYPERPARAMETERS ────────────────────────────────────────
INSERT INTO Hyperparameter(Run_ID,Parameter_Name,Data_Type,Value) VALUES ('4e14450e-59c6-485a-8e16-48cd36bc4d75','learning_rate','float','0.01316');
INSERT INTO Hyperparameter(Run_ID,Parameter_Name,Data_Type,Value) VALUES ('4e14450e-59c6-485a-8e16-48cd36bc4d75','epochs','int','27');
INSERT INTO Hyperparameter(Run_ID,Parameter_Name,Data_Type,Value) VALUES ('4e14450e-59c6-485a-8e16-48cd36bc4d75','batch_size','int','27');
INSERT INTO Hyperparameter(Run_ID,Parameter_Name,Data_Type,Value) VALUES ('4e14450e-59c6-485a-8e16-48cd36bc4d75','dropout','float','0.3759');
INSERT INTO Hyperparameter(Run_ID,Parameter_Name,Data_Type,Value) VALUES ('927fcbab-e98b-4327-a72a-367049056c80','alpha','float','0.99046');
INSERT INTO Hyperparameter(Run_ID,Parameter_Name,Data_Type,Value) VALUES ('927fcbab-e98b-4327-a72a-367049056c80','fit_intercept','bool','true');
INSERT INTO Hyperparameter(Run_ID,Parameter_Name,Data_Type,Value) VALUES ('927fcbab-e98b-4327-a72a-367049056c80','max_iter','int','1440');
INSERT INTO Hyperparameter(Run_ID,Parameter_Name,Data_Type,Value) VALUES ('e6a48003-34ae-47ab-8ffd-1718eac2f9f1','learning_rate','float','0.01055');
INSERT INTO Hyperparameter(Run_ID,Parameter_Name,Data_Type,Value) VALUES ('e6a48003-34ae-47ab-8ffd-1718eac2f9f1','epochs','int','26');
INSERT INTO Hyperparameter(Run_ID,Parameter_Name,Data_Type,Value) VALUES ('e6a48003-34ae-47ab-8ffd-1718eac2f9f1','batch_size','int','27');
INSERT INTO Hyperparameter(Run_ID,Parameter_Name,Data_Type,Value) VALUES ('e6a48003-34ae-47ab-8ffd-1718eac2f9f1','dropout','float','0.2727');
INSERT INTO Hyperparameter(Run_ID,Parameter_Name,Data_Type,Value) VALUES ('01e5fb80-2253-45d1-a0ba-c52e526781f9','learning_rate','float','0.01111');
INSERT INTO Hyperparameter(Run_ID,Parameter_Name,Data_Type,Value) VALUES ('01e5fb80-2253-45d1-a0ba-c52e526781f9','epochs','int','29');
INSERT INTO Hyperparameter(Run_ID,Parameter_Name,Data_Type,Value) VALUES ('01e5fb80-2253-45d1-a0ba-c52e526781f9','batch_size','int','33');
INSERT INTO Hyperparameter(Run_ID,Parameter_Name,Data_Type,Value) VALUES ('01e5fb80-2253-45d1-a0ba-c52e526781f9','dropout','float','0.24121');
INSERT INTO Hyperparameter(Run_ID,Parameter_Name,Data_Type,Value) VALUES ('cae8b1de-b975-41f3-aaa0-f96e68a4af00','learning_rate','float','0.01077');
INSERT INTO Hyperparameter(Run_ID,Parameter_Name,Data_Type,Value) VALUES ('cae8b1de-b975-41f3-aaa0-f96e68a4af00','epochs','int','18');
INSERT INTO Hyperparameter(Run_ID,Parameter_Name,Data_Type,Value) VALUES ('cae8b1de-b975-41f3-aaa0-f96e68a4af00','batch_size','int','35');
INSERT INTO Hyperparameter(Run_ID,Parameter_Name,Data_Type,Value) VALUES ('cae8b1de-b975-41f3-aaa0-f96e68a4af00','dropout','float','0.32412');
INSERT INTO Hyperparameter(Run_ID,Parameter_Name,Data_Type,Value) VALUES ('1bf48636-6274-483d-abe0-4bfd4aeb4a9e','learning_rate','float','0.05094');
INSERT INTO Hyperparameter(Run_ID,Parameter_Name,Data_Type,Value) VALUES ('1bf48636-6274-483d-abe0-4bfd4aeb4a9e','n_estimators','int','266');
INSERT INTO Hyperparameter(Run_ID,Parameter_Name,Data_Type,Value) VALUES ('1bf48636-6274-483d-abe0-4bfd4aeb4a9e','max_depth','int','4');
INSERT INTO Hyperparameter(Run_ID,Parameter_Name,Data_Type,Value) VALUES ('1bf48636-6274-483d-abe0-4bfd4aeb4a9e','subsample','float','0.9506');
INSERT INTO Hyperparameter(Run_ID,Parameter_Name,Data_Type,Value) VALUES ('1bf48636-6274-483d-abe0-4bfd4aeb4a9e','colsample_bytree','float','0.77018');
INSERT INTO Hyperparameter(Run_ID,Parameter_Name,Data_Type,Value) VALUES ('1bf48636-6274-483d-abe0-4bfd4aeb4a9e','reg_lambda','float','0.86349');
INSERT INTO Hyperparameter(Run_ID,Parameter_Name,Data_Type,Value) VALUES ('da4a7902-4e12-4246-b75d-c683fa0f45e1','n_estimators','int','259');
INSERT INTO Hyperparameter(Run_ID,Parameter_Name,Data_Type,Value) VALUES ('da4a7902-4e12-4246-b75d-c683fa0f45e1','max_depth','int','7');
INSERT INTO Hyperparameter(Run_ID,Parameter_Name,Data_Type,Value) VALUES ('da4a7902-4e12-4246-b75d-c683fa0f45e1','min_samples_split','int','6');
INSERT INTO Hyperparameter(Run_ID,Parameter_Name,Data_Type,Value) VALUES ('da4a7902-4e12-4246-b75d-c683fa0f45e1','max_features','string','sqrt');
INSERT INTO Hyperparameter(Run_ID,Parameter_Name,Data_Type,Value) VALUES ('b3f37145-ff99-41bd-b2ac-8747a50bafc3','learning_rate','float','2e-05');
INSERT INTO Hyperparameter(Run_ID,Parameter_Name,Data_Type,Value) VALUES ('b3f37145-ff99-41bd-b2ac-8747a50bafc3','epochs','int','6');
INSERT INTO Hyperparameter(Run_ID,Parameter_Name,Data_Type,Value) VALUES ('b3f37145-ff99-41bd-b2ac-8747a50bafc3','batch_size','int','30');
INSERT INTO Hyperparameter(Run_ID,Parameter_Name,Data_Type,Value) VALUES ('b3f37145-ff99-41bd-b2ac-8747a50bafc3','warmup_steps','int','598');
INSERT INTO Hyperparameter(Run_ID,Parameter_Name,Data_Type,Value) VALUES ('b3f37145-ff99-41bd-b2ac-8747a50bafc3','weight_decay','float','0.01275');
INSERT INTO Hyperparameter(Run_ID,Parameter_Name,Data_Type,Value) VALUES ('2cdf1d49-5c87-4cd3-b932-3af389d58e9a','epochs','int','74');
INSERT INTO Hyperparameter(Run_ID,Parameter_Name,Data_Type,Value) VALUES ('2cdf1d49-5c87-4cd3-b932-3af389d58e9a','batch_size','int','16');
INSERT INTO Hyperparameter(Run_ID,Parameter_Name,Data_Type,Value) VALUES ('2cdf1d49-5c87-4cd3-b932-3af389d58e9a','img_size','int','405');
INSERT INTO Hyperparameter(Run_ID,Parameter_Name,Data_Type,Value) VALUES ('2cdf1d49-5c87-4cd3-b932-3af389d58e9a','lr0','float','0.01052');
INSERT INTO Hyperparameter(Run_ID,Parameter_Name,Data_Type,Value) VALUES ('2cdf1d49-5c87-4cd3-b932-3af389d58e9a','iou_threshold','float','0.55656');
INSERT INTO Hyperparameter(Run_ID,Parameter_Name,Data_Type,Value) VALUES ('350339d0-5bec-4546-bd24-19f26c43e41c','learning_rate','float','0.01309');
INSERT INTO Hyperparameter(Run_ID,Parameter_Name,Data_Type,Value) VALUES ('350339d0-5bec-4546-bd24-19f26c43e41c','epochs','int','27');
INSERT INTO Hyperparameter(Run_ID,Parameter_Name,Data_Type,Value) VALUES ('350339d0-5bec-4546-bd24-19f26c43e41c','batch_size','int','31');
INSERT INTO Hyperparameter(Run_ID,Parameter_Name,Data_Type,Value) VALUES ('350339d0-5bec-4546-bd24-19f26c43e41c','dropout','float','0.32045');
INSERT INTO Hyperparameter(Run_ID,Parameter_Name,Data_Type,Value) VALUES ('1ca0e4ba-89f2-4af5-8b7c-994cdb8a6ac5','learning_rate','float','0.0102');
INSERT INTO Hyperparameter(Run_ID,Parameter_Name,Data_Type,Value) VALUES ('1ca0e4ba-89f2-4af5-8b7c-994cdb8a6ac5','epochs','int','25');
INSERT INTO Hyperparameter(Run_ID,Parameter_Name,Data_Type,Value) VALUES ('1ca0e4ba-89f2-4af5-8b7c-994cdb8a6ac5','batch_size','int','31');
INSERT INTO Hyperparameter(Run_ID,Parameter_Name,Data_Type,Value) VALUES ('1ca0e4ba-89f2-4af5-8b7c-994cdb8a6ac5','dropout','float','0.3475');
INSERT INTO Hyperparameter(Run_ID,Parameter_Name,Data_Type,Value) VALUES ('2227889b-dd58-4e2c-bb7e-082b73f6e364','alpha','float','0.80805');
INSERT INTO Hyperparameter(Run_ID,Parameter_Name,Data_Type,Value) VALUES ('2227889b-dd58-4e2c-bb7e-082b73f6e364','fit_intercept','bool','true');
INSERT INTO Hyperparameter(Run_ID,Parameter_Name,Data_Type,Value) VALUES ('2227889b-dd58-4e2c-bb7e-082b73f6e364','max_iter','int','1022');
INSERT INTO Hyperparameter(Run_ID,Parameter_Name,Data_Type,Value) VALUES ('c84bd95d-cc9d-4855-8e17-1628cea3d7d8','learning_rate','float','0.04135');
INSERT INTO Hyperparameter(Run_ID,Parameter_Name,Data_Type,Value) VALUES ('c84bd95d-cc9d-4855-8e17-1628cea3d7d8','num_leaves','int','56');
INSERT INTO Hyperparameter(Run_ID,Parameter_Name,Data_Type,Value) VALUES ('c84bd95d-cc9d-4855-8e17-1628cea3d7d8','n_estimators','int','611');
INSERT INTO Hyperparameter(Run_ID,Parameter_Name,Data_Type,Value) VALUES ('c84bd95d-cc9d-4855-8e17-1628cea3d7d8','min_child_samples','int','23');
INSERT INTO Hyperparameter(Run_ID,Parameter_Name,Data_Type,Value) VALUES ('c84bd95d-cc9d-4855-8e17-1628cea3d7d8','feature_fraction','float','1.03699');
INSERT INTO Hyperparameter(Run_ID,Parameter_Name,Data_Type,Value) VALUES ('e458dadc-46c6-4987-a7e6-eed107da2a13','learning_rate','float','0.0389');
INSERT INTO Hyperparameter(Run_ID,Parameter_Name,Data_Type,Value) VALUES ('e458dadc-46c6-4987-a7e6-eed107da2a13','num_leaves','int','86');
INSERT INTO Hyperparameter(Run_ID,Parameter_Name,Data_Type,Value) VALUES ('e458dadc-46c6-4987-a7e6-eed107da2a13','n_estimators','int','471');
INSERT INTO Hyperparameter(Run_ID,Parameter_Name,Data_Type,Value) VALUES ('e458dadc-46c6-4987-a7e6-eed107da2a13','min_child_samples','int','17');
INSERT INTO Hyperparameter(Run_ID,Parameter_Name,Data_Type,Value) VALUES ('e458dadc-46c6-4987-a7e6-eed107da2a13','feature_fraction','float','0.96248');
INSERT INTO Hyperparameter(Run_ID,Parameter_Name,Data_Type,Value) VALUES ('d1f1d166-4b56-4f46-ba72-8bec4c83f4b0','learning_rate','float','0.00123');
INSERT INTO Hyperparameter(Run_ID,Parameter_Name,Data_Type,Value) VALUES ('d1f1d166-4b56-4f46-ba72-8bec4c83f4b0','epochs','int','41');
INSERT INTO Hyperparameter(Run_ID,Parameter_Name,Data_Type,Value) VALUES ('d1f1d166-4b56-4f46-ba72-8bec4c83f4b0','batch_size','int','40');
INSERT INTO Hyperparameter(Run_ID,Parameter_Name,Data_Type,Value) VALUES ('d1f1d166-4b56-4f46-ba72-8bec4c83f4b0','momentum','float','0.67311');
INSERT INTO Hyperparameter(Run_ID,Parameter_Name,Data_Type,Value) VALUES ('d1f1d166-4b56-4f46-ba72-8bec4c83f4b0','weight_decay','float','0.00011');
INSERT INTO Hyperparameter(Run_ID,Parameter_Name,Data_Type,Value) VALUES ('3cb038e2-1aa4-4aef-ba1a-d0b564b24096','learning_rate','float','0.0004');
INSERT INTO Hyperparameter(Run_ID,Parameter_Name,Data_Type,Value) VALUES ('3cb038e2-1aa4-4aef-ba1a-d0b564b24096','n_steps','int','3067');
INSERT INTO Hyperparameter(Run_ID,Parameter_Name,Data_Type,Value) VALUES ('3cb038e2-1aa4-4aef-ba1a-d0b564b24096','gamma','float','1.21051');
INSERT INTO Hyperparameter(Run_ID,Parameter_Name,Data_Type,Value) VALUES ('3cb038e2-1aa4-4aef-ba1a-d0b564b24096','clip_range','float','0.20076');
INSERT INTO Hyperparameter(Run_ID,Parameter_Name,Data_Type,Value) VALUES ('3cb038e2-1aa4-4aef-ba1a-d0b564b24096','ent_coef','float','0.00769');
INSERT INTO Hyperparameter(Run_ID,Parameter_Name,Data_Type,Value) VALUES ('5087ae8c-c581-4c1c-9a72-eb1dcbc74cd6','n_estimators','int','234');
INSERT INTO Hyperparameter(Run_ID,Parameter_Name,Data_Type,Value) VALUES ('5087ae8c-c581-4c1c-9a72-eb1dcbc74cd6','max_depth','int','16');
INSERT INTO Hyperparameter(Run_ID,Parameter_Name,Data_Type,Value) VALUES ('5087ae8c-c581-4c1c-9a72-eb1dcbc74cd6','min_samples_split','int','4');
INSERT INTO Hyperparameter(Run_ID,Parameter_Name,Data_Type,Value) VALUES ('5087ae8c-c581-4c1c-9a72-eb1dcbc74cd6','max_features','string','sqrt');
INSERT INTO Hyperparameter(Run_ID,Parameter_Name,Data_Type,Value) VALUES ('f73fdeb0-76ae-4af6-bc4c-d9731649eb91','learning_rate','float','0.01186');
INSERT INTO Hyperparameter(Run_ID,Parameter_Name,Data_Type,Value) VALUES ('f73fdeb0-76ae-4af6-bc4c-d9731649eb91','epochs','int','28');
INSERT INTO Hyperparameter(Run_ID,Parameter_Name,Data_Type,Value) VALUES ('f73fdeb0-76ae-4af6-bc4c-d9731649eb91','batch_size','int','20');
INSERT INTO Hyperparameter(Run_ID,Parameter_Name,Data_Type,Value) VALUES ('f73fdeb0-76ae-4af6-bc4c-d9731649eb91','dropout','float','0.37719');
INSERT INTO Hyperparameter(Run_ID,Parameter_Name,Data_Type,Value) VALUES ('03bcd213-26f7-477c-8061-546a9dc5fd0c','n_estimators','int','172');
INSERT INTO Hyperparameter(Run_ID,Parameter_Name,Data_Type,Value) VALUES ('03bcd213-26f7-477c-8061-546a9dc5fd0c','max_depth','int','11');
INSERT INTO Hyperparameter(Run_ID,Parameter_Name,Data_Type,Value) VALUES ('03bcd213-26f7-477c-8061-546a9dc5fd0c','min_samples_split','int','3');
INSERT INTO Hyperparameter(Run_ID,Parameter_Name,Data_Type,Value) VALUES ('03bcd213-26f7-477c-8061-546a9dc5fd0c','max_features','string','sqrt');
INSERT INTO Hyperparameter(Run_ID,Parameter_Name,Data_Type,Value) VALUES ('7249cf38-1a69-4e00-a781-295042041a6a','n_estimators','int','215');
INSERT INTO Hyperparameter(Run_ID,Parameter_Name,Data_Type,Value) VALUES ('7249cf38-1a69-4e00-a781-295042041a6a','max_depth','int','13');
INSERT INTO Hyperparameter(Run_ID,Parameter_Name,Data_Type,Value) VALUES ('7249cf38-1a69-4e00-a781-295042041a6a','min_samples_split','int','6');
INSERT INTO Hyperparameter(Run_ID,Parameter_Name,Data_Type,Value) VALUES ('7249cf38-1a69-4e00-a781-295042041a6a','max_features','string','sqrt');
INSERT INTO Hyperparameter(Run_ID,Parameter_Name,Data_Type,Value) VALUES ('14a85f7a-8cdf-4608-8084-fbc98654333b','learning_rate','float','0.00819');
INSERT INTO Hyperparameter(Run_ID,Parameter_Name,Data_Type,Value) VALUES ('14a85f7a-8cdf-4608-8084-fbc98654333b','epochs','int','13');
INSERT INTO Hyperparameter(Run_ID,Parameter_Name,Data_Type,Value) VALUES ('14a85f7a-8cdf-4608-8084-fbc98654333b','batch_size','int','44');
INSERT INTO Hyperparameter(Run_ID,Parameter_Name,Data_Type,Value) VALUES ('14a85f7a-8cdf-4608-8084-fbc98654333b','dropout','float','0.34014');
INSERT INTO Hyperparameter(Run_ID,Parameter_Name,Data_Type,Value) VALUES ('9045bd09-8c7a-4e2e-aabd-6479b3d994b3','learning_rate','float','0.00869');
INSERT INTO Hyperparameter(Run_ID,Parameter_Name,Data_Type,Value) VALUES ('9045bd09-8c7a-4e2e-aabd-6479b3d994b3','epochs','int','28');
INSERT INTO Hyperparameter(Run_ID,Parameter_Name,Data_Type,Value) VALUES ('9045bd09-8c7a-4e2e-aabd-6479b3d994b3','batch_size','int','23');
INSERT INTO Hyperparameter(Run_ID,Parameter_Name,Data_Type,Value) VALUES ('9045bd09-8c7a-4e2e-aabd-6479b3d994b3','dropout','float','0.30684');
INSERT INTO Hyperparameter(Run_ID,Parameter_Name,Data_Type,Value) VALUES ('aa3d47a0-2b28-47a2-bdb8-c157bbc0b0b3','learning_rate','float','0.00878');
INSERT INTO Hyperparameter(Run_ID,Parameter_Name,Data_Type,Value) VALUES ('aa3d47a0-2b28-47a2-bdb8-c157bbc0b0b3','epochs','int','16');
INSERT INTO Hyperparameter(Run_ID,Parameter_Name,Data_Type,Value) VALUES ('aa3d47a0-2b28-47a2-bdb8-c157bbc0b0b3','batch_size','int','19');
INSERT INTO Hyperparameter(Run_ID,Parameter_Name,Data_Type,Value) VALUES ('aa3d47a0-2b28-47a2-bdb8-c157bbc0b0b3','dropout','float','0.37897');
INSERT INTO Hyperparameter(Run_ID,Parameter_Name,Data_Type,Value) VALUES ('abc9ea01-4539-42c8-af89-b042bf59e3ff','learning_rate','float','0.01331');
INSERT INTO Hyperparameter(Run_ID,Parameter_Name,Data_Type,Value) VALUES ('abc9ea01-4539-42c8-af89-b042bf59e3ff','epochs','int','24');
INSERT INTO Hyperparameter(Run_ID,Parameter_Name,Data_Type,Value) VALUES ('abc9ea01-4539-42c8-af89-b042bf59e3ff','batch_size','int','23');
INSERT INTO Hyperparameter(Run_ID,Parameter_Name,Data_Type,Value) VALUES ('abc9ea01-4539-42c8-af89-b042bf59e3ff','dropout','float','0.30276');
INSERT INTO Hyperparameter(Run_ID,Parameter_Name,Data_Type,Value) VALUES ('1b2586d4-7cbb-467d-a57a-572667bc67a5','learning_rate','float','0.00942');
INSERT INTO Hyperparameter(Run_ID,Parameter_Name,Data_Type,Value) VALUES ('1b2586d4-7cbb-467d-a57a-572667bc67a5','epochs','int','22');
INSERT INTO Hyperparameter(Run_ID,Parameter_Name,Data_Type,Value) VALUES ('1b2586d4-7cbb-467d-a57a-572667bc67a5','batch_size','int','37');
INSERT INTO Hyperparameter(Run_ID,Parameter_Name,Data_Type,Value) VALUES ('1b2586d4-7cbb-467d-a57a-572667bc67a5','dropout','float','0.2991');
INSERT INTO Hyperparameter(Run_ID,Parameter_Name,Data_Type,Value) VALUES ('c245e3bb-e03b-46fe-8b7b-2d67e2c8a65a','epochs','int','41');
INSERT INTO Hyperparameter(Run_ID,Parameter_Name,Data_Type,Value) VALUES ('c245e3bb-e03b-46fe-8b7b-2d67e2c8a65a','batch_size','int','21');
INSERT INTO Hyperparameter(Run_ID,Parameter_Name,Data_Type,Value) VALUES ('c245e3bb-e03b-46fe-8b7b-2d67e2c8a65a','img_size','int','498');
INSERT INTO Hyperparameter(Run_ID,Parameter_Name,Data_Type,Value) VALUES ('c245e3bb-e03b-46fe-8b7b-2d67e2c8a65a','lr0','float','0.00969');
INSERT INTO Hyperparameter(Run_ID,Parameter_Name,Data_Type,Value) VALUES ('c245e3bb-e03b-46fe-8b7b-2d67e2c8a65a','iou_threshold','float','0.51912');
INSERT INTO Hyperparameter(Run_ID,Parameter_Name,Data_Type,Value) VALUES ('b55252c1-b24e-4c11-9055-b4da0ee64127','learning_rate','float','0.00866');
INSERT INTO Hyperparameter(Run_ID,Parameter_Name,Data_Type,Value) VALUES ('b55252c1-b24e-4c11-9055-b4da0ee64127','epochs','int','22');
INSERT INTO Hyperparameter(Run_ID,Parameter_Name,Data_Type,Value) VALUES ('b55252c1-b24e-4c11-9055-b4da0ee64127','batch_size','int','35');
INSERT INTO Hyperparameter(Run_ID,Parameter_Name,Data_Type,Value) VALUES ('b55252c1-b24e-4c11-9055-b4da0ee64127','dropout','float','0.41847');
INSERT INTO Hyperparameter(Run_ID,Parameter_Name,Data_Type,Value) VALUES ('42e691cc-a197-4cbe-a471-5072bb596180','learning_rate','float','0.00907');
INSERT INTO Hyperparameter(Run_ID,Parameter_Name,Data_Type,Value) VALUES ('42e691cc-a197-4cbe-a471-5072bb596180','epochs','int','29');
INSERT INTO Hyperparameter(Run_ID,Parameter_Name,Data_Type,Value) VALUES ('42e691cc-a197-4cbe-a471-5072bb596180','batch_size','int','38');
INSERT INTO Hyperparameter(Run_ID,Parameter_Name,Data_Type,Value) VALUES ('42e691cc-a197-4cbe-a471-5072bb596180','dropout','float','0.26764');
INSERT INTO Hyperparameter(Run_ID,Parameter_Name,Data_Type,Value) VALUES ('2a50ddb8-bbce-485b-8d0e-f4d3edcd0a9d','learning_rate','float','2e-05');
INSERT INTO Hyperparameter(Run_ID,Parameter_Name,Data_Type,Value) VALUES ('2a50ddb8-bbce-485b-8d0e-f4d3edcd0a9d','epochs','int','6');
INSERT INTO Hyperparameter(Run_ID,Parameter_Name,Data_Type,Value) VALUES ('2a50ddb8-bbce-485b-8d0e-f4d3edcd0a9d','batch_size','int','40');
INSERT INTO Hyperparameter(Run_ID,Parameter_Name,Data_Type,Value) VALUES ('2a50ddb8-bbce-485b-8d0e-f4d3edcd0a9d','warmup_steps','int','322');
INSERT INTO Hyperparameter(Run_ID,Parameter_Name,Data_Type,Value) VALUES ('2a50ddb8-bbce-485b-8d0e-f4d3edcd0a9d','weight_decay','float','0.01124');
INSERT INTO Hyperparameter(Run_ID,Parameter_Name,Data_Type,Value) VALUES ('976a27a7-d8de-4c63-b72d-887d2312112b','learning_rate','float','0.01048');
INSERT INTO Hyperparameter(Run_ID,Parameter_Name,Data_Type,Value) VALUES ('976a27a7-d8de-4c63-b72d-887d2312112b','epochs','int','28');
INSERT INTO Hyperparameter(Run_ID,Parameter_Name,Data_Type,Value) VALUES ('976a27a7-d8de-4c63-b72d-887d2312112b','batch_size','int','27');
INSERT INTO Hyperparameter(Run_ID,Parameter_Name,Data_Type,Value) VALUES ('976a27a7-d8de-4c63-b72d-887d2312112b','dropout','float','0.37776');
INSERT INTO Hyperparameter(Run_ID,Parameter_Name,Data_Type,Value) VALUES ('f45a4360-102c-4ecb-91fc-231316e163ac','n_estimators','int','229');
INSERT INTO Hyperparameter(Run_ID,Parameter_Name,Data_Type,Value) VALUES ('f45a4360-102c-4ecb-91fc-231316e163ac','max_depth','int','11');
INSERT INTO Hyperparameter(Run_ID,Parameter_Name,Data_Type,Value) VALUES ('f45a4360-102c-4ecb-91fc-231316e163ac','min_samples_split','int','5');
INSERT INTO Hyperparameter(Run_ID,Parameter_Name,Data_Type,Value) VALUES ('f45a4360-102c-4ecb-91fc-231316e163ac','max_features','string','sqrt');
INSERT INTO Hyperparameter(Run_ID,Parameter_Name,Data_Type,Value) VALUES ('11ca24b5-efa8-4c30-a5b2-1a36492a9e6f','learning_rate','float','0.01135');
INSERT INTO Hyperparameter(Run_ID,Parameter_Name,Data_Type,Value) VALUES ('11ca24b5-efa8-4c30-a5b2-1a36492a9e6f','epochs','int','24');
INSERT INTO Hyperparameter(Run_ID,Parameter_Name,Data_Type,Value) VALUES ('11ca24b5-efa8-4c30-a5b2-1a36492a9e6f','batch_size','int','39');
INSERT INTO Hyperparameter(Run_ID,Parameter_Name,Data_Type,Value) VALUES ('11ca24b5-efa8-4c30-a5b2-1a36492a9e6f','dropout','float','0.34843');
INSERT INTO Hyperparameter(Run_ID,Parameter_Name,Data_Type,Value) VALUES ('af028465-9013-47d2-950d-468f481d7e31','learning_rate','float','0.01287');
INSERT INTO Hyperparameter(Run_ID,Parameter_Name,Data_Type,Value) VALUES ('af028465-9013-47d2-950d-468f481d7e31','epochs','int','23');
INSERT INTO Hyperparameter(Run_ID,Parameter_Name,Data_Type,Value) VALUES ('af028465-9013-47d2-950d-468f481d7e31','batch_size','int','45');
INSERT INTO Hyperparameter(Run_ID,Parameter_Name,Data_Type,Value) VALUES ('af028465-9013-47d2-950d-468f481d7e31','dropout','float','0.34573');
INSERT INTO Hyperparameter(Run_ID,Parameter_Name,Data_Type,Value) VALUES ('1fd0ed17-09c5-46e2-af1b-720bf0237f8f','n_estimators','int','175');
INSERT INTO Hyperparameter(Run_ID,Parameter_Name,Data_Type,Value) VALUES ('1fd0ed17-09c5-46e2-af1b-720bf0237f8f','max_depth','int','11');
INSERT INTO Hyperparameter(Run_ID,Parameter_Name,Data_Type,Value) VALUES ('1fd0ed17-09c5-46e2-af1b-720bf0237f8f','min_samples_split','int','5');
INSERT INTO Hyperparameter(Run_ID,Parameter_Name,Data_Type,Value) VALUES ('1fd0ed17-09c5-46e2-af1b-720bf0237f8f','max_features','string','sqrt');
INSERT INTO Hyperparameter(Run_ID,Parameter_Name,Data_Type,Value) VALUES ('3e666d4b-68e4-437f-8210-972eb4041048','learning_rate','float','0.01213');
INSERT INTO Hyperparameter(Run_ID,Parameter_Name,Data_Type,Value) VALUES ('3e666d4b-68e4-437f-8210-972eb4041048','epochs','int','13');
INSERT INTO Hyperparameter(Run_ID,Parameter_Name,Data_Type,Value) VALUES ('3e666d4b-68e4-437f-8210-972eb4041048','batch_size','int','27');
INSERT INTO Hyperparameter(Run_ID,Parameter_Name,Data_Type,Value) VALUES ('3e666d4b-68e4-437f-8210-972eb4041048','dropout','float','0.36697');
INSERT INTO Hyperparameter(Run_ID,Parameter_Name,Data_Type,Value) VALUES ('c82ff913-6c84-4316-b933-b37d3ed273a0','learning_rate','float','0.00025');
INSERT INTO Hyperparameter(Run_ID,Parameter_Name,Data_Type,Value) VALUES ('c82ff913-6c84-4316-b933-b37d3ed273a0','n_steps','int','1472');
INSERT INTO Hyperparameter(Run_ID,Parameter_Name,Data_Type,Value) VALUES ('c82ff913-6c84-4316-b933-b37d3ed273a0','gamma','float','1.06681');
INSERT INTO Hyperparameter(Run_ID,Parameter_Name,Data_Type,Value) VALUES ('c82ff913-6c84-4316-b933-b37d3ed273a0','clip_range','float','0.27601');
INSERT INTO Hyperparameter(Run_ID,Parameter_Name,Data_Type,Value) VALUES ('c82ff913-6c84-4316-b933-b37d3ed273a0','ent_coef','float','0.01072');
INSERT INTO Hyperparameter(Run_ID,Parameter_Name,Data_Type,Value) VALUES ('2abfba1f-f7c3-4997-8708-94214ef79353','learning_rate','float','0.01339');
INSERT INTO Hyperparameter(Run_ID,Parameter_Name,Data_Type,Value) VALUES ('2abfba1f-f7c3-4997-8708-94214ef79353','epochs','int','26');
INSERT INTO Hyperparameter(Run_ID,Parameter_Name,Data_Type,Value) VALUES ('2abfba1f-f7c3-4997-8708-94214ef79353','batch_size','int','26');
INSERT INTO Hyperparameter(Run_ID,Parameter_Name,Data_Type,Value) VALUES ('2abfba1f-f7c3-4997-8708-94214ef79353','dropout','float','0.38318');
INSERT INTO Hyperparameter(Run_ID,Parameter_Name,Data_Type,Value) VALUES ('bc077571-21ea-4e67-bee2-e340367438c1','learning_rate','float','0.05186');
INSERT INTO Hyperparameter(Run_ID,Parameter_Name,Data_Type,Value) VALUES ('bc077571-21ea-4e67-bee2-e340367438c1','n_estimators','int','397');
INSERT INTO Hyperparameter(Run_ID,Parameter_Name,Data_Type,Value) VALUES ('bc077571-21ea-4e67-bee2-e340367438c1','max_depth','int','7');
INSERT INTO Hyperparameter(Run_ID,Parameter_Name,Data_Type,Value) VALUES ('bc077571-21ea-4e67-bee2-e340367438c1','subsample','float','0.74968');
INSERT INTO Hyperparameter(Run_ID,Parameter_Name,Data_Type,Value) VALUES ('bc077571-21ea-4e67-bee2-e340367438c1','colsample_bytree','float','0.54643');
INSERT INTO Hyperparameter(Run_ID,Parameter_Name,Data_Type,Value) VALUES ('bc077571-21ea-4e67-bee2-e340367438c1','reg_lambda','float','1.37403');
INSERT INTO Hyperparameter(Run_ID,Parameter_Name,Data_Type,Value) VALUES ('040e5a3f-9071-4c1b-b4ad-001d1ba5988d','learning_rate','float','2e-05');
INSERT INTO Hyperparameter(Run_ID,Parameter_Name,Data_Type,Value) VALUES ('040e5a3f-9071-4c1b-b4ad-001d1ba5988d','epochs','int','7');
INSERT INTO Hyperparameter(Run_ID,Parameter_Name,Data_Type,Value) VALUES ('040e5a3f-9071-4c1b-b4ad-001d1ba5988d','batch_size','int','43');
INSERT INTO Hyperparameter(Run_ID,Parameter_Name,Data_Type,Value) VALUES ('040e5a3f-9071-4c1b-b4ad-001d1ba5988d','warmup_steps','int','625');
INSERT INTO Hyperparameter(Run_ID,Parameter_Name,Data_Type,Value) VALUES ('040e5a3f-9071-4c1b-b4ad-001d1ba5988d','weight_decay','float','0.01386');
INSERT INTO Hyperparameter(Run_ID,Parameter_Name,Data_Type,Value) VALUES ('be79f51d-797e-47b6-aec4-fa4916ad399f','learning_rate','float','0.01377');
INSERT INTO Hyperparameter(Run_ID,Parameter_Name,Data_Type,Value) VALUES ('be79f51d-797e-47b6-aec4-fa4916ad399f','epochs','int','26');
INSERT INTO Hyperparameter(Run_ID,Parameter_Name,Data_Type,Value) VALUES ('be79f51d-797e-47b6-aec4-fa4916ad399f','batch_size','int','29');
INSERT INTO Hyperparameter(Run_ID,Parameter_Name,Data_Type,Value) VALUES ('be79f51d-797e-47b6-aec4-fa4916ad399f','dropout','float','0.37604');
INSERT INTO Hyperparameter(Run_ID,Parameter_Name,Data_Type,Value) VALUES ('0f6ecc9d-fe1b-4ed2-8375-3344d4529c62','learning_rate','float','0.0071');
INSERT INTO Hyperparameter(Run_ID,Parameter_Name,Data_Type,Value) VALUES ('0f6ecc9d-fe1b-4ed2-8375-3344d4529c62','epochs','int','21');
INSERT INTO Hyperparameter(Run_ID,Parameter_Name,Data_Type,Value) VALUES ('0f6ecc9d-fe1b-4ed2-8375-3344d4529c62','batch_size','int','32');
INSERT INTO Hyperparameter(Run_ID,Parameter_Name,Data_Type,Value) VALUES ('0f6ecc9d-fe1b-4ed2-8375-3344d4529c62','dropout','float','0.35129');
INSERT INTO Hyperparameter(Run_ID,Parameter_Name,Data_Type,Value) VALUES ('b43288bb-ae20-4bf3-b4ed-5745e35f689d','learning_rate','float','0.01171');
INSERT INTO Hyperparameter(Run_ID,Parameter_Name,Data_Type,Value) VALUES ('b43288bb-ae20-4bf3-b4ed-5745e35f689d','epochs','int','22');
INSERT INTO Hyperparameter(Run_ID,Parameter_Name,Data_Type,Value) VALUES ('b43288bb-ae20-4bf3-b4ed-5745e35f689d','batch_size','int','42');
INSERT INTO Hyperparameter(Run_ID,Parameter_Name,Data_Type,Value) VALUES ('b43288bb-ae20-4bf3-b4ed-5745e35f689d','dropout','float','0.40746');
INSERT INTO Hyperparameter(Run_ID,Parameter_Name,Data_Type,Value) VALUES ('c6f9ec0f-7ca8-4868-a74b-2dc1b5cf42f1','learning_rate','float','0.00776');
INSERT INTO Hyperparameter(Run_ID,Parameter_Name,Data_Type,Value) VALUES ('c6f9ec0f-7ca8-4868-a74b-2dc1b5cf42f1','epochs','int','16');
INSERT INTO Hyperparameter(Run_ID,Parameter_Name,Data_Type,Value) VALUES ('c6f9ec0f-7ca8-4868-a74b-2dc1b5cf42f1','batch_size','int','19');
INSERT INTO Hyperparameter(Run_ID,Parameter_Name,Data_Type,Value) VALUES ('c6f9ec0f-7ca8-4868-a74b-2dc1b5cf42f1','dropout','float','0.39569');
INSERT INTO Hyperparameter(Run_ID,Parameter_Name,Data_Type,Value) VALUES ('da416d1f-c75a-4326-ab50-76c7e13cb79e','learning_rate','float','0.01093');
INSERT INTO Hyperparameter(Run_ID,Parameter_Name,Data_Type,Value) VALUES ('da416d1f-c75a-4326-ab50-76c7e13cb79e','epochs','int','28');
INSERT INTO Hyperparameter(Run_ID,Parameter_Name,Data_Type,Value) VALUES ('da416d1f-c75a-4326-ab50-76c7e13cb79e','batch_size','int','25');
INSERT INTO Hyperparameter(Run_ID,Parameter_Name,Data_Type,Value) VALUES ('da416d1f-c75a-4326-ab50-76c7e13cb79e','dropout','float','0.22328');
INSERT INTO Hyperparameter(Run_ID,Parameter_Name,Data_Type,Value) VALUES ('a47f1787-639b-41dd-8c75-5dccad1d2cf8','learning_rate','float','0.00038');
INSERT INTO Hyperparameter(Run_ID,Parameter_Name,Data_Type,Value) VALUES ('a47f1787-639b-41dd-8c75-5dccad1d2cf8','n_steps','int','2904');
INSERT INTO Hyperparameter(Run_ID,Parameter_Name,Data_Type,Value) VALUES ('a47f1787-639b-41dd-8c75-5dccad1d2cf8','gamma','float','0.90242');
INSERT INTO Hyperparameter(Run_ID,Parameter_Name,Data_Type,Value) VALUES ('a47f1787-639b-41dd-8c75-5dccad1d2cf8','clip_range','float','0.19716');
INSERT INTO Hyperparameter(Run_ID,Parameter_Name,Data_Type,Value) VALUES ('a47f1787-639b-41dd-8c75-5dccad1d2cf8','ent_coef','float','0.00798');
INSERT INTO Hyperparameter(Run_ID,Parameter_Name,Data_Type,Value) VALUES ('7e92014f-1488-42db-8fd5-3cde3e4fbd30','n_clusters','int','11');
INSERT INTO Hyperparameter(Run_ID,Parameter_Name,Data_Type,Value) VALUES ('7e92014f-1488-42db-8fd5-3cde3e4fbd30','init','string','k-means++');
INSERT INTO Hyperparameter(Run_ID,Parameter_Name,Data_Type,Value) VALUES ('7e92014f-1488-42db-8fd5-3cde3e4fbd30','max_iter','int','262');
INSERT INTO Hyperparameter(Run_ID,Parameter_Name,Data_Type,Value) VALUES ('7e92014f-1488-42db-8fd5-3cde3e4fbd30','n_init','int','10');
INSERT INTO Hyperparameter(Run_ID,Parameter_Name,Data_Type,Value) VALUES ('661fff83-a2ce-468f-9fcf-eda7f51fd419','learning_rate','float','2e-05');
INSERT INTO Hyperparameter(Run_ID,Parameter_Name,Data_Type,Value) VALUES ('661fff83-a2ce-468f-9fcf-eda7f51fd419','epochs','int','6');
INSERT INTO Hyperparameter(Run_ID,Parameter_Name,Data_Type,Value) VALUES ('661fff83-a2ce-468f-9fcf-eda7f51fd419','batch_size','int','23');
INSERT INTO Hyperparameter(Run_ID,Parameter_Name,Data_Type,Value) VALUES ('661fff83-a2ce-468f-9fcf-eda7f51fd419','warmup_steps','int','504');
INSERT INTO Hyperparameter(Run_ID,Parameter_Name,Data_Type,Value) VALUES ('661fff83-a2ce-468f-9fcf-eda7f51fd419','weight_decay','float','0.01169');
INSERT INTO Hyperparameter(Run_ID,Parameter_Name,Data_Type,Value) VALUES ('5dc0bbc3-d425-4bb9-a31f-b601d72c004f','learning_rate','float','2e-05');
INSERT INTO Hyperparameter(Run_ID,Parameter_Name,Data_Type,Value) VALUES ('5dc0bbc3-d425-4bb9-a31f-b601d72c004f','epochs','int','7');
INSERT INTO Hyperparameter(Run_ID,Parameter_Name,Data_Type,Value) VALUES ('5dc0bbc3-d425-4bb9-a31f-b601d72c004f','batch_size','int','31');
INSERT INTO Hyperparameter(Run_ID,Parameter_Name,Data_Type,Value) VALUES ('5dc0bbc3-d425-4bb9-a31f-b601d72c004f','warmup_steps','int','634');
INSERT INTO Hyperparameter(Run_ID,Parameter_Name,Data_Type,Value) VALUES ('5dc0bbc3-d425-4bb9-a31f-b601d72c004f','weight_decay','float','0.00808');
INSERT INTO Hyperparameter(Run_ID,Parameter_Name,Data_Type,Value) VALUES ('a5d3494c-dd0d-47dc-a923-ce57096b30dc','learning_rate','float','0.0099');
INSERT INTO Hyperparameter(Run_ID,Parameter_Name,Data_Type,Value) VALUES ('a5d3494c-dd0d-47dc-a923-ce57096b30dc','epochs','int','13');
INSERT INTO Hyperparameter(Run_ID,Parameter_Name,Data_Type,Value) VALUES ('a5d3494c-dd0d-47dc-a923-ce57096b30dc','batch_size','int','33');
INSERT INTO Hyperparameter(Run_ID,Parameter_Name,Data_Type,Value) VALUES ('a5d3494c-dd0d-47dc-a923-ce57096b30dc','dropout','float','0.2957');
INSERT INTO Hyperparameter(Run_ID,Parameter_Name,Data_Type,Value) VALUES ('40a6befd-2b29-49d8-9407-ad8de23a6859','learning_rate','float','0.01366');
INSERT INTO Hyperparameter(Run_ID,Parameter_Name,Data_Type,Value) VALUES ('40a6befd-2b29-49d8-9407-ad8de23a6859','epochs','int','12');
INSERT INTO Hyperparameter(Run_ID,Parameter_Name,Data_Type,Value) VALUES ('40a6befd-2b29-49d8-9407-ad8de23a6859','batch_size','int','29');
INSERT INTO Hyperparameter(Run_ID,Parameter_Name,Data_Type,Value) VALUES ('40a6befd-2b29-49d8-9407-ad8de23a6859','dropout','float','0.30311');
INSERT INTO Hyperparameter(Run_ID,Parameter_Name,Data_Type,Value) VALUES ('be8b5ee2-52a4-4443-9a9c-63bb1a4f15f6','learning_rate','float','0.01365');
INSERT INTO Hyperparameter(Run_ID,Parameter_Name,Data_Type,Value) VALUES ('be8b5ee2-52a4-4443-9a9c-63bb1a4f15f6','epochs','int','27');
INSERT INTO Hyperparameter(Run_ID,Parameter_Name,Data_Type,Value) VALUES ('be8b5ee2-52a4-4443-9a9c-63bb1a4f15f6','batch_size','int','22');
INSERT INTO Hyperparameter(Run_ID,Parameter_Name,Data_Type,Value) VALUES ('be8b5ee2-52a4-4443-9a9c-63bb1a4f15f6','dropout','float','0.35399');
INSERT INTO Hyperparameter(Run_ID,Parameter_Name,Data_Type,Value) VALUES ('fcf1ad5a-7a49-45f5-b7ec-15e9b7726eaf','learning_rate','float','0.01081');
INSERT INTO Hyperparameter(Run_ID,Parameter_Name,Data_Type,Value) VALUES ('fcf1ad5a-7a49-45f5-b7ec-15e9b7726eaf','epochs','int','29');
INSERT INTO Hyperparameter(Run_ID,Parameter_Name,Data_Type,Value) VALUES ('fcf1ad5a-7a49-45f5-b7ec-15e9b7726eaf','batch_size','int','29');
INSERT INTO Hyperparameter(Run_ID,Parameter_Name,Data_Type,Value) VALUES ('fcf1ad5a-7a49-45f5-b7ec-15e9b7726eaf','dropout','float','0.29361');
INSERT INTO Hyperparameter(Run_ID,Parameter_Name,Data_Type,Value) VALUES ('b4b692b8-d407-4333-abfc-58740d166c51','learning_rate','float','0.02499');
INSERT INTO Hyperparameter(Run_ID,Parameter_Name,Data_Type,Value) VALUES ('b4b692b8-d407-4333-abfc-58740d166c51','num_leaves','int','44');
INSERT INTO Hyperparameter(Run_ID,Parameter_Name,Data_Type,Value) VALUES ('b4b692b8-d407-4333-abfc-58740d166c51','n_estimators','int','681');
INSERT INTO Hyperparameter(Run_ID,Parameter_Name,Data_Type,Value) VALUES ('b4b692b8-d407-4333-abfc-58740d166c51','min_child_samples','int','20');
INSERT INTO Hyperparameter(Run_ID,Parameter_Name,Data_Type,Value) VALUES ('b4b692b8-d407-4333-abfc-58740d166c51','feature_fraction','float','0.93115');
INSERT INTO Hyperparameter(Run_ID,Parameter_Name,Data_Type,Value) VALUES ('ab9ff3bb-6e23-47d1-8879-49c3901216bf','learning_rate','float','0.01149');
INSERT INTO Hyperparameter(Run_ID,Parameter_Name,Data_Type,Value) VALUES ('ab9ff3bb-6e23-47d1-8879-49c3901216bf','epochs','int','22');
INSERT INTO Hyperparameter(Run_ID,Parameter_Name,Data_Type,Value) VALUES ('ab9ff3bb-6e23-47d1-8879-49c3901216bf','batch_size','int','19');
INSERT INTO Hyperparameter(Run_ID,Parameter_Name,Data_Type,Value) VALUES ('ab9ff3bb-6e23-47d1-8879-49c3901216bf','dropout','float','0.37523');
INSERT INTO Hyperparameter(Run_ID,Parameter_Name,Data_Type,Value) VALUES ('dd7d9f79-7440-428e-9ff0-71ae61ff9320','learning_rate','float','0.02611');
INSERT INTO Hyperparameter(Run_ID,Parameter_Name,Data_Type,Value) VALUES ('dd7d9f79-7440-428e-9ff0-71ae61ff9320','num_leaves','int','44');
INSERT INTO Hyperparameter(Run_ID,Parameter_Name,Data_Type,Value) VALUES ('dd7d9f79-7440-428e-9ff0-71ae61ff9320','n_estimators','int','554');
INSERT INTO Hyperparameter(Run_ID,Parameter_Name,Data_Type,Value) VALUES ('dd7d9f79-7440-428e-9ff0-71ae61ff9320','min_child_samples','int','13');
INSERT INTO Hyperparameter(Run_ID,Parameter_Name,Data_Type,Value) VALUES ('dd7d9f79-7440-428e-9ff0-71ae61ff9320','feature_fraction','float','0.98849');

-- ── EVALUATION_METRICS ─────────────────────────────────────
INSERT INTO Evaluation_Metric(Run_ID,Snapshot_ID,Recall,Accuracy,Recorded_At,Validation_Loss,Precision_Score,F1_Score) VALUES ('4e14450e-59c6-485a-8e16-48cd36bc4d75',1,0.8242,0.7896,'2023-06-09 17:39:00',1.1961,0.817,0.8206);
INSERT INTO Evaluation_Metric(Run_ID,Snapshot_ID,Recall,Accuracy,Recorded_At,Validation_Loss,Precision_Score,F1_Score) VALUES ('4e14450e-59c6-485a-8e16-48cd36bc4d75',2,0.7781,0.8225,'2023-06-09 18:39:00',1.151,0.787,0.7825);
INSERT INTO Evaluation_Metric(Run_ID,Snapshot_ID,Recall,Accuracy,Recorded_At,Validation_Loss,Precision_Score,F1_Score) VALUES ('4e14450e-59c6-485a-8e16-48cd36bc4d75',3,0.7738,0.818,'2023-06-09 20:39:00',1.0952,0.8547,0.8122);
INSERT INTO Evaluation_Metric(Run_ID,Snapshot_ID,Recall,Accuracy,Recorded_At,Validation_Loss,Precision_Score,F1_Score) VALUES ('927fcbab-e98b-4327-a72a-367049056c80',1,0.6023,0.6487,'2023-11-18 18:16:00',0.5921,0.6408,0.621);
INSERT INTO Evaluation_Metric(Run_ID,Snapshot_ID,Recall,Accuracy,Recorded_At,Validation_Loss,Precision_Score,F1_Score) VALUES ('927fcbab-e98b-4327-a72a-367049056c80',2,0.6307,0.6776,'2023-11-18 16:16:00',0.5217,0.6789,0.6539);
INSERT INTO Evaluation_Metric(Run_ID,Snapshot_ID,Recall,Accuracy,Recorded_At,Validation_Loss,Precision_Score,F1_Score) VALUES ('927fcbab-e98b-4327-a72a-367049056c80',3,0.723,0.704,'2023-11-18 17:16:00',0.4715,0.7448,0.7338);
INSERT INTO Evaluation_Metric(Run_ID,Snapshot_ID,Recall,Accuracy,Recorded_At,Validation_Loss,Precision_Score,F1_Score) VALUES ('927fcbab-e98b-4327-a72a-367049056c80',4,0.6852,0.697,'2023-11-19 06:16:00',0.3829,0.6949,0.69);
INSERT INTO Evaluation_Metric(Run_ID,Snapshot_ID,Recall,Accuracy,Recorded_At,Validation_Loss,Precision_Score,F1_Score) VALUES ('e6a48003-34ae-47ab-8ffd-1718eac2f9f1',1,0.7044,0.7314,'2023-03-21 11:28:00',0.3136,0.688,0.6961);
INSERT INTO Evaluation_Metric(Run_ID,Snapshot_ID,Recall,Accuracy,Recorded_At,Validation_Loss,Precision_Score,F1_Score) VALUES ('e6a48003-34ae-47ab-8ffd-1718eac2f9f1',2,0.7159,0.7405,'2023-03-21 16:28:00',0.2431,0.7502,0.7326);
INSERT INTO Evaluation_Metric(Run_ID,Snapshot_ID,Recall,Accuracy,Recorded_At,Validation_Loss,Precision_Score,F1_Score) VALUES ('e6a48003-34ae-47ab-8ffd-1718eac2f9f1',3,0.7778,0.7354,'2023-03-21 14:28:00',0.158,0.7556,0.7665);
INSERT INTO Evaluation_Metric(Run_ID,Snapshot_ID,Recall,Accuracy,Recorded_At,Validation_Loss,Precision_Score,F1_Score) VALUES ('e6a48003-34ae-47ab-8ffd-1718eac2f9f1',4,0.7366,0.7469,'2023-03-22 00:28:00',0.0553,0.7858,0.7604);
INSERT INTO Evaluation_Metric(Run_ID,Snapshot_ID,Recall,Accuracy,Recorded_At,Validation_Loss,Precision_Score,F1_Score) VALUES ('e6a48003-34ae-47ab-8ffd-1718eac2f9f1',5,0.749,0.7577,'2023-03-21 23:28:00',0.01,0.7173,0.7328);
INSERT INTO Evaluation_Metric(Run_ID,Snapshot_ID,Recall,Accuracy,Recorded_At,Validation_Loss,Precision_Score,F1_Score) VALUES ('01e5fb80-2253-45d1-a0ba-c52e526781f9',1,0.7894,0.7976,'2024-01-24 05:08:00',0.7747,0.7561,0.7724);
INSERT INTO Evaluation_Metric(Run_ID,Snapshot_ID,Recall,Accuracy,Recorded_At,Validation_Loss,Precision_Score,F1_Score) VALUES ('01e5fb80-2253-45d1-a0ba-c52e526781f9',2,0.8385,0.8282,'2024-01-24 08:08:00',0.6985,0.8338,0.8362);
INSERT INTO Evaluation_Metric(Run_ID,Snapshot_ID,Recall,Accuracy,Recorded_At,Validation_Loss,Precision_Score,F1_Score) VALUES ('01e5fb80-2253-45d1-a0ba-c52e526781f9',3,0.8965,0.8517,'2024-01-24 14:08:00',0.5844,0.8428,0.8688);
INSERT INTO Evaluation_Metric(Run_ID,Snapshot_ID,Recall,Accuracy,Recorded_At,Validation_Loss,Precision_Score,F1_Score) VALUES ('cae8b1de-b975-41f3-aaa0-f96e68a4af00',1,0.7684,0.8028,'2022-09-23 15:26:00',0.9348,0.8106,0.7889);
INSERT INTO Evaluation_Metric(Run_ID,Snapshot_ID,Recall,Accuracy,Recorded_At,Validation_Loss,Precision_Score,F1_Score) VALUES ('cae8b1de-b975-41f3-aaa0-f96e68a4af00',2,0.842,0.8352,'2022-09-23 19:26:00',0.9033,0.8202,0.8309);
INSERT INTO Evaluation_Metric(Run_ID,Snapshot_ID,Recall,Accuracy,Recorded_At,Validation_Loss,Precision_Score,F1_Score) VALUES ('b3f37145-ff99-41bd-b2ac-8747a50bafc3',1,0.8934,0.8798,'2024-01-30 20:57:00',1.2299,0.9117,0.9025);
INSERT INTO Evaluation_Metric(Run_ID,Snapshot_ID,Recall,Accuracy,Recorded_At,Validation_Loss,Precision_Score,F1_Score) VALUES ('b3f37145-ff99-41bd-b2ac-8747a50bafc3',2,0.9235,0.9003,'2024-01-31 01:57:00',1.207,0.916,0.9197);
INSERT INTO Evaluation_Metric(Run_ID,Snapshot_ID,Recall,Accuracy,Recorded_At,Validation_Loss,Precision_Score,F1_Score) VALUES ('b3f37145-ff99-41bd-b2ac-8747a50bafc3',3,0.9062,0.9254,'2024-01-31 01:57:00',1.1864,0.9063,0.9062);
INSERT INTO Evaluation_Metric(Run_ID,Snapshot_ID,Recall,Accuracy,Recorded_At,Validation_Loss,Precision_Score,F1_Score) VALUES ('2cdf1d49-5c87-4cd3-b932-3af389d58e9a',1,0.6527,0.649,'2023-08-22 14:42:00',1.1315,0.6082,0.6297);
INSERT INTO Evaluation_Metric(Run_ID,Snapshot_ID,Recall,Accuracy,Recorded_At,Validation_Loss,Precision_Score,F1_Score) VALUES ('2cdf1d49-5c87-4cd3-b932-3af389d58e9a',2,0.6827,0.6561,'2023-08-22 12:42:00',1.0339,0.6431,0.6623);
INSERT INTO Evaluation_Metric(Run_ID,Snapshot_ID,Recall,Accuracy,Recorded_At,Validation_Loss,Precision_Score,F1_Score) VALUES ('2cdf1d49-5c87-4cd3-b932-3af389d58e9a',3,0.7208,0.6902,'2023-08-22 13:42:00',1.0089,0.6558,0.6868);
INSERT INTO Evaluation_Metric(Run_ID,Snapshot_ID,Recall,Accuracy,Recorded_At,Validation_Loss,Precision_Score,F1_Score) VALUES ('2cdf1d49-5c87-4cd3-b932-3af389d58e9a',4,0.6921,0.6938,'2023-08-22 22:42:00',0.9447,0.71,0.701);
INSERT INTO Evaluation_Metric(Run_ID,Snapshot_ID,Recall,Accuracy,Recorded_At,Validation_Loss,Precision_Score,F1_Score) VALUES ('2cdf1d49-5c87-4cd3-b932-3af389d58e9a',5,0.676,0.6946,'2023-08-23 06:42:00',0.9136,0.6959,0.6858);
INSERT INTO Evaluation_Metric(Run_ID,Snapshot_ID,Recall,Accuracy,Recorded_At,Validation_Loss,Precision_Score,F1_Score) VALUES ('350339d0-5bec-4546-bd24-19f26c43e41c',1,0.6829,0.7068,'2024-01-17 02:58:00',0.7332,0.6575,0.67);
INSERT INTO Evaluation_Metric(Run_ID,Snapshot_ID,Recall,Accuracy,Recorded_At,Validation_Loss,Precision_Score,F1_Score) VALUES ('350339d0-5bec-4546-bd24-19f26c43e41c',2,0.6894,0.735,'2024-01-17 08:58:00',0.6635,0.7139,0.7014);
INSERT INTO Evaluation_Metric(Run_ID,Snapshot_ID,Recall,Accuracy,Recorded_At,Validation_Loss,Precision_Score,F1_Score) VALUES ('350339d0-5bec-4546-bd24-19f26c43e41c',3,0.7582,0.7338,'2024-01-17 09:58:00',0.5934,0.7218,0.7396);
INSERT INTO Evaluation_Metric(Run_ID,Snapshot_ID,Recall,Accuracy,Recorded_At,Validation_Loss,Precision_Score,F1_Score) VALUES ('350339d0-5bec-4546-bd24-19f26c43e41c',4,0.6725,0.7274,'2024-01-17 04:58:00',0.5716,0.7636,0.7151);
INSERT INTO Evaluation_Metric(Run_ID,Snapshot_ID,Recall,Accuracy,Recorded_At,Validation_Loss,Precision_Score,F1_Score) VALUES ('1ca0e4ba-89f2-4af5-8b7c-994cdb8a6ac5',1,0.7657,0.8118,'2022-12-05 17:11:00',0.966,0.8036,0.7842);
INSERT INTO Evaluation_Metric(Run_ID,Snapshot_ID,Recall,Accuracy,Recorded_At,Validation_Loss,Precision_Score,F1_Score) VALUES ('1ca0e4ba-89f2-4af5-8b7c-994cdb8a6ac5',2,0.8056,0.8104,'2022-12-05 20:11:00',0.877,0.8552,0.8297);
INSERT INTO Evaluation_Metric(Run_ID,Snapshot_ID,Recall,Accuracy,Recorded_At,Validation_Loss,Precision_Score,F1_Score) VALUES ('1ca0e4ba-89f2-4af5-8b7c-994cdb8a6ac5',3,0.774,0.8048,'2022-12-05 17:11:00',0.7981,0.8393,0.8053);
INSERT INTO Evaluation_Metric(Run_ID,Snapshot_ID,Recall,Accuracy,Recorded_At,Validation_Loss,Precision_Score,F1_Score) VALUES ('1ca0e4ba-89f2-4af5-8b7c-994cdb8a6ac5',4,0.7954,0.8146,'2022-12-05 22:11:00',0.7448,0.7957,0.7955);
INSERT INTO Evaluation_Metric(Run_ID,Snapshot_ID,Recall,Accuracy,Recorded_At,Validation_Loss,Precision_Score,F1_Score) VALUES ('2227889b-dd58-4e2c-bb7e-082b73f6e364',1,0.724,0.7421,'2023-06-30 14:17:00',0.3441,0.7827,0.7522);
INSERT INTO Evaluation_Metric(Run_ID,Snapshot_ID,Recall,Accuracy,Recorded_At,Validation_Loss,Precision_Score,F1_Score) VALUES ('2227889b-dd58-4e2c-bb7e-082b73f6e364',2,0.7076,0.7439,'2023-06-30 14:17:00',0.2639,0.7085,0.708);
INSERT INTO Evaluation_Metric(Run_ID,Snapshot_ID,Recall,Accuracy,Recorded_At,Validation_Loss,Precision_Score,F1_Score) VALUES ('e458dadc-46c6-4987-a7e6-eed107da2a13',1,0.8654,0.8559,'2023-02-09 03:39:00',0.9654,0.8623,0.8638);
INSERT INTO Evaluation_Metric(Run_ID,Snapshot_ID,Recall,Accuracy,Recorded_At,Validation_Loss,Precision_Score,F1_Score) VALUES ('e458dadc-46c6-4987-a7e6-eed107da2a13',2,0.8472,0.8891,'2023-02-09 08:39:00',0.9386,0.9018,0.8737);
INSERT INTO Evaluation_Metric(Run_ID,Snapshot_ID,Recall,Accuracy,Recorded_At,Validation_Loss,Precision_Score,F1_Score) VALUES ('e458dadc-46c6-4987-a7e6-eed107da2a13',3,0.9216,0.9107,'2023-02-09 03:39:00',0.8834,0.9403,0.9309);
INSERT INTO Evaluation_Metric(Run_ID,Snapshot_ID,Recall,Accuracy,Recorded_At,Validation_Loss,Precision_Score,F1_Score) VALUES ('d1f1d166-4b56-4f46-ba72-8bec4c83f4b0',1,0.7751,0.7577,'2023-02-28 15:44:00',0.2274,0.7364,0.7552);
INSERT INTO Evaluation_Metric(Run_ID,Snapshot_ID,Recall,Accuracy,Recorded_At,Validation_Loss,Precision_Score,F1_Score) VALUES ('d1f1d166-4b56-4f46-ba72-8bec4c83f4b0',2,0.774,0.7784,'2023-02-28 16:44:00',0.152,0.7792,0.7766);
INSERT INTO Evaluation_Metric(Run_ID,Snapshot_ID,Recall,Accuracy,Recorded_At,Validation_Loss,Precision_Score,F1_Score) VALUES ('d1f1d166-4b56-4f46-ba72-8bec4c83f4b0',3,0.8092,0.7909,'2023-03-01 02:44:00',0.0998,0.8219,0.8155);
INSERT INTO Evaluation_Metric(Run_ID,Snapshot_ID,Recall,Accuracy,Recorded_At,Validation_Loss,Precision_Score,F1_Score) VALUES ('d1f1d166-4b56-4f46-ba72-8bec4c83f4b0',4,0.8001,0.806,'2023-03-01 02:44:00',0.01,0.8518,0.8251);
INSERT INTO Evaluation_Metric(Run_ID,Snapshot_ID,Recall,Accuracy,Recorded_At,Validation_Loss,Precision_Score,F1_Score) VALUES ('3cb038e2-1aa4-4aef-ba1a-d0b564b24096',1,0.5208,0.5281,'2023-01-03 11:06:00',0.4348,0.5218,0.5213);
INSERT INTO Evaluation_Metric(Run_ID,Snapshot_ID,Recall,Accuracy,Recorded_At,Validation_Loss,Precision_Score,F1_Score) VALUES ('3cb038e2-1aa4-4aef-ba1a-d0b564b24096',2,0.5228,0.5363,'2023-01-03 11:06:00',0.3373,0.5781,0.549);
INSERT INTO Evaluation_Metric(Run_ID,Snapshot_ID,Recall,Accuracy,Recorded_At,Validation_Loss,Precision_Score,F1_Score) VALUES ('5087ae8c-c581-4c1c-9a72-eb1dcbc74cd6',1,0.7607,0.7338,'2023-02-08 04:37:00',0.3278,0.7122,0.7356);
INSERT INTO Evaluation_Metric(Run_ID,Snapshot_ID,Recall,Accuracy,Recorded_At,Validation_Loss,Precision_Score,F1_Score) VALUES ('5087ae8c-c581-4c1c-9a72-eb1dcbc74cd6',2,0.6974,0.7405,'2023-02-08 10:37:00',0.2728,0.7487,0.7222);
INSERT INTO Evaluation_Metric(Run_ID,Snapshot_ID,Recall,Accuracy,Recorded_At,Validation_Loss,Precision_Score,F1_Score) VALUES ('5087ae8c-c581-4c1c-9a72-eb1dcbc74cd6',3,0.6871,0.7369,'2023-02-08 11:37:00',0.1969,0.7578,0.7207);
INSERT INTO Evaluation_Metric(Run_ID,Snapshot_ID,Recall,Accuracy,Recorded_At,Validation_Loss,Precision_Score,F1_Score) VALUES ('5087ae8c-c581-4c1c-9a72-eb1dcbc74cd6',4,0.8071,0.7676,'2023-02-08 06:37:00',0.103,0.7846,0.7957);
INSERT INTO Evaluation_Metric(Run_ID,Snapshot_ID,Recall,Accuracy,Recorded_At,Validation_Loss,Precision_Score,F1_Score) VALUES ('f73fdeb0-76ae-4af6-bc4c-d9731649eb91',1,0.7127,0.7317,'2022-11-20 20:50:00',0.2253,0.7768,0.7434);
INSERT INTO Evaluation_Metric(Run_ID,Snapshot_ID,Recall,Accuracy,Recorded_At,Validation_Loss,Precision_Score,F1_Score) VALUES ('f73fdeb0-76ae-4af6-bc4c-d9731649eb91',2,0.6823,0.733,'2022-11-20 20:50:00',0.1208,0.6968,0.6895);
INSERT INTO Evaluation_Metric(Run_ID,Snapshot_ID,Recall,Accuracy,Recorded_At,Validation_Loss,Precision_Score,F1_Score) VALUES ('f73fdeb0-76ae-4af6-bc4c-d9731649eb91',3,0.7771,0.7484,'2022-11-21 03:50:00',0.0482,0.7524,0.7645);
INSERT INTO Evaluation_Metric(Run_ID,Snapshot_ID,Recall,Accuracy,Recorded_At,Validation_Loss,Precision_Score,F1_Score) VALUES ('f73fdeb0-76ae-4af6-bc4c-d9731649eb91',4,0.7939,0.7822,'2022-11-21 02:50:00',0.0127,0.7941,0.794);
INSERT INTO Evaluation_Metric(Run_ID,Snapshot_ID,Recall,Accuracy,Recorded_At,Validation_Loss,Precision_Score,F1_Score) VALUES ('f73fdeb0-76ae-4af6-bc4c-d9731649eb91',5,0.8509,0.8138,'2022-11-21 14:50:00',0.01,0.8409,0.8459);
INSERT INTO Evaluation_Metric(Run_ID,Snapshot_ID,Recall,Accuracy,Recorded_At,Validation_Loss,Precision_Score,F1_Score) VALUES ('03bcd213-26f7-477c-8061-546a9dc5fd0c',1,0.7377,0.7635,'2023-12-21 00:21:00',1.0168,0.7579,0.7477);
INSERT INTO Evaluation_Metric(Run_ID,Snapshot_ID,Recall,Accuracy,Recorded_At,Validation_Loss,Precision_Score,F1_Score) VALUES ('03bcd213-26f7-477c-8061-546a9dc5fd0c',2,0.8211,0.7652,'2023-12-21 00:21:00',0.9183,0.7391,0.7779);
INSERT INTO Evaluation_Metric(Run_ID,Snapshot_ID,Recall,Accuracy,Recorded_At,Validation_Loss,Precision_Score,F1_Score) VALUES ('7249cf38-1a69-4e00-a781-295042041a6a',1,0.8472,0.8138,'2023-07-26 00:57:00',0.9142,0.8407,0.8439);
INSERT INTO Evaluation_Metric(Run_ID,Snapshot_ID,Recall,Accuracy,Recorded_At,Validation_Loss,Precision_Score,F1_Score) VALUES ('7249cf38-1a69-4e00-a781-295042041a6a',2,0.8882,0.8521,'2023-07-26 02:57:00',0.8804,0.8838,0.886);
INSERT INTO Evaluation_Metric(Run_ID,Snapshot_ID,Recall,Accuracy,Recorded_At,Validation_Loss,Precision_Score,F1_Score) VALUES ('7249cf38-1a69-4e00-a781-295042041a6a',3,0.8292,0.8447,'2023-07-25 23:57:00',0.7669,0.8428,0.8359);
INSERT INTO Evaluation_Metric(Run_ID,Snapshot_ID,Recall,Accuracy,Recorded_At,Validation_Loss,Precision_Score,F1_Score) VALUES ('7249cf38-1a69-4e00-a781-295042041a6a',4,0.8217,0.849,'2023-07-26 04:57:00',0.6564,0.8753,0.8476);
INSERT INTO Evaluation_Metric(Run_ID,Snapshot_ID,Recall,Accuracy,Recorded_At,Validation_Loss,Precision_Score,F1_Score) VALUES ('14a85f7a-8cdf-4608-8084-fbc98654333b',1,0.7962,0.7446,'2024-01-22 19:29:00',1.3311,0.7831,0.7896);
INSERT INTO Evaluation_Metric(Run_ID,Snapshot_ID,Recall,Accuracy,Recorded_At,Validation_Loss,Precision_Score,F1_Score) VALUES ('14a85f7a-8cdf-4608-8084-fbc98654333b',2,0.819,0.7597,'2024-01-22 17:29:00',1.2736,0.7333,0.7738);
INSERT INTO Evaluation_Metric(Run_ID,Snapshot_ID,Recall,Accuracy,Recorded_At,Validation_Loss,Precision_Score,F1_Score) VALUES ('14a85f7a-8cdf-4608-8084-fbc98654333b',3,0.7914,0.7656,'2024-01-22 21:29:00',1.2201,0.7255,0.757);
INSERT INTO Evaluation_Metric(Run_ID,Snapshot_ID,Recall,Accuracy,Recorded_At,Validation_Loss,Precision_Score,F1_Score) VALUES ('14a85f7a-8cdf-4608-8084-fbc98654333b',4,0.8021,0.7625,'2024-01-22 23:29:00',1.1305,0.7412,0.7704);
INSERT INTO Evaluation_Metric(Run_ID,Snapshot_ID,Recall,Accuracy,Recorded_At,Validation_Loss,Precision_Score,F1_Score) VALUES ('14a85f7a-8cdf-4608-8084-fbc98654333b',5,0.8043,0.7904,'2024-01-22 20:29:00',1.0199,0.7874,0.7957);
INSERT INTO Evaluation_Metric(Run_ID,Snapshot_ID,Recall,Accuracy,Recorded_At,Validation_Loss,Precision_Score,F1_Score) VALUES ('9045bd09-8c7a-4e2e-aabd-6479b3d994b3',1,0.5602,0.5694,'2022-10-16 10:56:00',0.3818,0.5802,0.57);
INSERT INTO Evaluation_Metric(Run_ID,Snapshot_ID,Recall,Accuracy,Recorded_At,Validation_Loss,Precision_Score,F1_Score) VALUES ('9045bd09-8c7a-4e2e-aabd-6479b3d994b3',2,0.5648,0.5744,'2022-10-16 16:56:00',0.2824,0.5292,0.5464);
INSERT INTO Evaluation_Metric(Run_ID,Snapshot_ID,Recall,Accuracy,Recorded_At,Validation_Loss,Precision_Score,F1_Score) VALUES ('9045bd09-8c7a-4e2e-aabd-6479b3d994b3',3,0.5675,0.5676,'2022-10-16 14:56:00',0.2088,0.6012,0.5839);
INSERT INTO Evaluation_Metric(Run_ID,Snapshot_ID,Recall,Accuracy,Recorded_At,Validation_Loss,Precision_Score,F1_Score) VALUES ('9045bd09-8c7a-4e2e-aabd-6479b3d994b3',4,0.5337,0.5935,'2022-10-17 00:56:00',0.1535,0.5726,0.5525);
INSERT INTO Evaluation_Metric(Run_ID,Snapshot_ID,Recall,Accuracy,Recorded_At,Validation_Loss,Precision_Score,F1_Score) VALUES ('aa3d47a0-2b28-47a2-bdb8-c157bbc0b0b3',1,0.5915,0.5884,'2023-06-29 01:31:00',0.332,0.5452,0.5674);
INSERT INTO Evaluation_Metric(Run_ID,Snapshot_ID,Recall,Accuracy,Recorded_At,Validation_Loss,Precision_Score,F1_Score) VALUES ('aa3d47a0-2b28-47a2-bdb8-c157bbc0b0b3',2,0.6142,0.5979,'2023-06-29 06:31:00',0.2139,0.5949,0.6044);
INSERT INTO Evaluation_Metric(Run_ID,Snapshot_ID,Recall,Accuracy,Recorded_At,Validation_Loss,Precision_Score,F1_Score) VALUES ('aa3d47a0-2b28-47a2-bdb8-c157bbc0b0b3',3,0.5734,0.6253,'2023-06-29 03:31:00',0.1698,0.611,0.5916);
INSERT INTO Evaluation_Metric(Run_ID,Snapshot_ID,Recall,Accuracy,Recorded_At,Validation_Loss,Precision_Score,F1_Score) VALUES ('abc9ea01-4539-42c8-af89-b042bf59e3ff',1,0.6166,0.5769,'2023-05-02 23:44:00',0.6343,0.5912,0.6036);
INSERT INTO Evaluation_Metric(Run_ID,Snapshot_ID,Recall,Accuracy,Recorded_At,Validation_Loss,Precision_Score,F1_Score) VALUES ('abc9ea01-4539-42c8-af89-b042bf59e3ff',2,0.5461,0.5985,'2023-05-03 03:44:00',0.5367,0.6297,0.5849);
INSERT INTO Evaluation_Metric(Run_ID,Snapshot_ID,Recall,Accuracy,Recorded_At,Validation_Loss,Precision_Score,F1_Score) VALUES ('abc9ea01-4539-42c8-af89-b042bf59e3ff',3,0.6253,0.5904,'2023-05-03 04:44:00',0.4281,0.5605,0.5912);
INSERT INTO Evaluation_Metric(Run_ID,Snapshot_ID,Recall,Accuracy,Recorded_At,Validation_Loss,Precision_Score,F1_Score) VALUES ('abc9ea01-4539-42c8-af89-b042bf59e3ff',4,0.6857,0.627,'2023-05-03 07:44:00',0.3538,0.6286,0.6559);
INSERT INTO Evaluation_Metric(Run_ID,Snapshot_ID,Recall,Accuracy,Recorded_At,Validation_Loss,Precision_Score,F1_Score) VALUES ('1b2586d4-7cbb-467d-a57a-572667bc67a5',1,0.8647,0.8208,'2023-09-09 16:35:00',0.4761,0.8489,0.8568);
INSERT INTO Evaluation_Metric(Run_ID,Snapshot_ID,Recall,Accuracy,Recorded_At,Validation_Loss,Precision_Score,F1_Score) VALUES ('1b2586d4-7cbb-467d-a57a-572667bc67a5',2,0.8388,0.8508,'2023-09-09 23:35:00',0.4122,0.8445,0.8416);
INSERT INTO Evaluation_Metric(Run_ID,Snapshot_ID,Recall,Accuracy,Recorded_At,Validation_Loss,Precision_Score,F1_Score) VALUES ('c245e3bb-e03b-46fe-8b7b-2d67e2c8a65a',1,0.7632,0.7609,'2022-08-06 06:18:00',0.7953,0.8034,0.7828);
INSERT INTO Evaluation_Metric(Run_ID,Snapshot_ID,Recall,Accuracy,Recorded_At,Validation_Loss,Precision_Score,F1_Score) VALUES ('c245e3bb-e03b-46fe-8b7b-2d67e2c8a65a',2,0.7936,0.7549,'2022-08-06 08:18:00',0.7208,0.7651,0.7791);
INSERT INTO Evaluation_Metric(Run_ID,Snapshot_ID,Recall,Accuracy,Recorded_At,Validation_Loss,Precision_Score,F1_Score) VALUES ('c245e3bb-e03b-46fe-8b7b-2d67e2c8a65a',3,0.7255,0.75,'2022-08-06 14:18:00',0.6562,0.7328,0.7291);
INSERT INTO Evaluation_Metric(Run_ID,Snapshot_ID,Recall,Accuracy,Recorded_At,Validation_Loss,Precision_Score,F1_Score) VALUES ('c245e3bb-e03b-46fe-8b7b-2d67e2c8a65a',4,0.742,0.7483,'2022-08-06 14:18:00',0.5635,0.7427,0.7424);
INSERT INTO Evaluation_Metric(Run_ID,Snapshot_ID,Recall,Accuracy,Recorded_At,Validation_Loss,Precision_Score,F1_Score) VALUES ('b55252c1-b24e-4c11-9055-b4da0ee64127',1,0.8151,0.7986,'2023-08-01 17:35:00',1.4197,0.7561,0.7845);
INSERT INTO Evaluation_Metric(Run_ID,Snapshot_ID,Recall,Accuracy,Recorded_At,Validation_Loss,Precision_Score,F1_Score) VALUES ('b55252c1-b24e-4c11-9055-b4da0ee64127',2,0.8491,0.8362,'2023-08-01 17:35:00',1.3216,0.8005,0.8241);
INSERT INTO Evaluation_Metric(Run_ID,Snapshot_ID,Recall,Accuracy,Recorded_At,Validation_Loss,Precision_Score,F1_Score) VALUES ('b55252c1-b24e-4c11-9055-b4da0ee64127',3,0.8499,0.8325,'2023-08-01 18:35:00',1.2654,0.8061,0.8275);
INSERT INTO Evaluation_Metric(Run_ID,Snapshot_ID,Recall,Accuracy,Recorded_At,Validation_Loss,Precision_Score,F1_Score) VALUES ('b55252c1-b24e-4c11-9055-b4da0ee64127',4,0.9066,0.8528,'2023-08-01 19:35:00',1.2082,0.8707,0.8883);
INSERT INTO Evaluation_Metric(Run_ID,Snapshot_ID,Recall,Accuracy,Recorded_At,Validation_Loss,Precision_Score,F1_Score) VALUES ('b55252c1-b24e-4c11-9055-b4da0ee64127',5,0.8592,0.8715,'2023-08-02 01:35:00',1.1232,0.8744,0.8668);
INSERT INTO Evaluation_Metric(Run_ID,Snapshot_ID,Recall,Accuracy,Recorded_At,Validation_Loss,Precision_Score,F1_Score) VALUES ('42e691cc-a197-4cbe-a471-5072bb596180',1,0.5239,0.5698,'2023-07-16 02:29:00',0.4258,0.6111,0.5642);
INSERT INTO Evaluation_Metric(Run_ID,Snapshot_ID,Recall,Accuracy,Recorded_At,Validation_Loss,Precision_Score,F1_Score) VALUES ('42e691cc-a197-4cbe-a471-5072bb596180',2,0.5938,0.5705,'2023-07-16 02:29:00',0.3059,0.5817,0.5877);
INSERT INTO Evaluation_Metric(Run_ID,Snapshot_ID,Recall,Accuracy,Recorded_At,Validation_Loss,Precision_Score,F1_Score) VALUES ('2a50ddb8-bbce-485b-8d0e-f4d3edcd0a9d',1,0.7987,0.739,'2022-11-20 02:34:00',0.2878,0.7603,0.779);
INSERT INTO Evaluation_Metric(Run_ID,Snapshot_ID,Recall,Accuracy,Recorded_At,Validation_Loss,Precision_Score,F1_Score) VALUES ('2a50ddb8-bbce-485b-8d0e-f4d3edcd0a9d',2,0.7684,0.7624,'2022-11-20 05:34:00',0.2388,0.7833,0.7758);
INSERT INTO Evaluation_Metric(Run_ID,Snapshot_ID,Recall,Accuracy,Recorded_At,Validation_Loss,Precision_Score,F1_Score) VALUES ('976a27a7-d8de-4c63-b72d-887d2312112b',1,0.6797,0.6787,'2024-01-08 21:18:00',1.3807,0.708,0.6936);
INSERT INTO Evaluation_Metric(Run_ID,Snapshot_ID,Recall,Accuracy,Recorded_At,Validation_Loss,Precision_Score,F1_Score) VALUES ('976a27a7-d8de-4c63-b72d-887d2312112b',2,0.7075,0.7083,'2024-01-09 01:18:00',1.3246,0.6819,0.6945);
INSERT INTO Evaluation_Metric(Run_ID,Snapshot_ID,Recall,Accuracy,Recorded_At,Validation_Loss,Precision_Score,F1_Score) VALUES ('976a27a7-d8de-4c63-b72d-887d2312112b',3,0.6772,0.7216,'2024-01-08 22:18:00',1.2161,0.7699,0.7206);
INSERT INTO Evaluation_Metric(Run_ID,Snapshot_ID,Recall,Accuracy,Recorded_At,Validation_Loss,Precision_Score,F1_Score) VALUES ('f45a4360-102c-4ecb-91fc-231316e163ac',1,0.7628,0.7737,'2023-05-25 02:45:00',1.0828,0.7647,0.7638);
INSERT INTO Evaluation_Metric(Run_ID,Snapshot_ID,Recall,Accuracy,Recorded_At,Validation_Loss,Precision_Score,F1_Score) VALUES ('f45a4360-102c-4ecb-91fc-231316e163ac',2,0.8063,0.8123,'2023-05-25 06:45:00',0.9948,0.8265,0.8163);
INSERT INTO Evaluation_Metric(Run_ID,Snapshot_ID,Recall,Accuracy,Recorded_At,Validation_Loss,Precision_Score,F1_Score) VALUES ('f45a4360-102c-4ecb-91fc-231316e163ac',3,0.8148,0.8087,'2023-05-25 06:45:00',0.916,0.8416,0.828);
INSERT INTO Evaluation_Metric(Run_ID,Snapshot_ID,Recall,Accuracy,Recorded_At,Validation_Loss,Precision_Score,F1_Score) VALUES ('f45a4360-102c-4ecb-91fc-231316e163ac',4,0.767,0.8203,'2023-05-25 08:45:00',0.8836,0.8614,0.8114);
INSERT INTO Evaluation_Metric(Run_ID,Snapshot_ID,Recall,Accuracy,Recorded_At,Validation_Loss,Precision_Score,F1_Score) VALUES ('af028465-9013-47d2-950d-468f481d7e31',1,0.6031,0.5502,'2023-11-22 15:21:00',0.5777,0.5348,0.5669);
INSERT INTO Evaluation_Metric(Run_ID,Snapshot_ID,Recall,Accuracy,Recorded_At,Validation_Loss,Precision_Score,F1_Score) VALUES ('af028465-9013-47d2-950d-468f481d7e31',2,0.5588,0.5527,'2023-11-22 20:21:00',0.5452,0.5662,0.5625);
INSERT INTO Evaluation_Metric(Run_ID,Snapshot_ID,Recall,Accuracy,Recorded_At,Validation_Loss,Precision_Score,F1_Score) VALUES ('af028465-9013-47d2-950d-468f481d7e31',3,0.5903,0.5734,'2023-11-22 20:21:00',0.466,0.5328,0.5601);
INSERT INTO Evaluation_Metric(Run_ID,Snapshot_ID,Recall,Accuracy,Recorded_At,Validation_Loss,Precision_Score,F1_Score) VALUES ('af028465-9013-47d2-950d-468f481d7e31',4,0.6202,0.572,'2023-11-22 18:21:00',0.4122,0.5844,0.6018);
INSERT INTO Evaluation_Metric(Run_ID,Snapshot_ID,Recall,Accuracy,Recorded_At,Validation_Loss,Precision_Score,F1_Score) VALUES ('1fd0ed17-09c5-46e2-af1b-720bf0237f8f',1,0.656,0.6907,'2022-09-24 13:31:00',1.361,0.6672,0.6616);
INSERT INTO Evaluation_Metric(Run_ID,Snapshot_ID,Recall,Accuracy,Recorded_At,Validation_Loss,Precision_Score,F1_Score) VALUES ('1fd0ed17-09c5-46e2-af1b-720bf0237f8f',2,0.6804,0.7056,'2022-09-24 20:31:00',1.2454,0.7184,0.6989);
INSERT INTO Evaluation_Metric(Run_ID,Snapshot_ID,Recall,Accuracy,Recorded_At,Validation_Loss,Precision_Score,F1_Score) VALUES ('3e666d4b-68e4-437f-8210-972eb4041048',1,0.7528,0.8056,'2024-02-16 13:05:00',1.058,0.7629,0.7578);
INSERT INTO Evaluation_Metric(Run_ID,Snapshot_ID,Recall,Accuracy,Recorded_At,Validation_Loss,Precision_Score,F1_Score) VALUES ('3e666d4b-68e4-437f-8210-972eb4041048',2,0.776,0.8188,'2024-02-16 15:05:00',0.9519,0.8028,0.7892);
INSERT INTO Evaluation_Metric(Run_ID,Snapshot_ID,Recall,Accuracy,Recorded_At,Validation_Loss,Precision_Score,F1_Score) VALUES ('3e666d4b-68e4-437f-8210-972eb4041048',3,0.9026,0.8455,'2024-02-16 18:05:00',0.9188,0.8816,0.8919);
INSERT INTO Evaluation_Metric(Run_ID,Snapshot_ID,Recall,Accuracy,Recorded_At,Validation_Loss,Precision_Score,F1_Score) VALUES ('c82ff913-6c84-4316-b933-b37d3ed273a0',1,0.4529,0.5012,'2023-03-08 20:24:00',0.8107,0.476,0.4642);
INSERT INTO Evaluation_Metric(Run_ID,Snapshot_ID,Recall,Accuracy,Recorded_At,Validation_Loss,Precision_Score,F1_Score) VALUES ('c82ff913-6c84-4316-b933-b37d3ed273a0',2,0.59,0.5344,'2023-03-08 22:24:00',0.7005,0.5263,0.5563);
INSERT INTO Evaluation_Metric(Run_ID,Snapshot_ID,Recall,Accuracy,Recorded_At,Validation_Loss,Precision_Score,F1_Score) VALUES ('bc077571-21ea-4e67-bee2-e340367438c1',1,0.7638,0.7183,'2023-04-16 22:05:00',0.4215,0.715,0.7386);
INSERT INTO Evaluation_Metric(Run_ID,Snapshot_ID,Recall,Accuracy,Recorded_At,Validation_Loss,Precision_Score,F1_Score) VALUES ('bc077571-21ea-4e67-bee2-e340367438c1',2,0.8115,0.7555,'2023-04-17 03:05:00',0.38,0.7561,0.7828);
INSERT INTO Evaluation_Metric(Run_ID,Snapshot_ID,Recall,Accuracy,Recorded_At,Validation_Loss,Precision_Score,F1_Score) VALUES ('bc077571-21ea-4e67-bee2-e340367438c1',3,0.7597,0.748,'2023-04-17 09:05:00',0.2757,0.7261,0.7425);
INSERT INTO Evaluation_Metric(Run_ID,Snapshot_ID,Recall,Accuracy,Recorded_At,Validation_Loss,Precision_Score,F1_Score) VALUES ('bc077571-21ea-4e67-bee2-e340367438c1',4,0.7052,0.7523,'2023-04-17 09:05:00',0.2423,0.7031,0.7041);
INSERT INTO Evaluation_Metric(Run_ID,Snapshot_ID,Recall,Accuracy,Recorded_At,Validation_Loss,Precision_Score,F1_Score) VALUES ('040e5a3f-9071-4c1b-b4ad-001d1ba5988d',1,0.808,0.8446,'2023-09-11 15:44:00',0.6638,0.8516,0.8292);
INSERT INTO Evaluation_Metric(Run_ID,Snapshot_ID,Recall,Accuracy,Recorded_At,Validation_Loss,Precision_Score,F1_Score) VALUES ('040e5a3f-9071-4c1b-b4ad-001d1ba5988d',2,0.8599,0.8539,'2023-09-11 16:44:00',0.5613,0.849,0.8544);
INSERT INTO Evaluation_Metric(Run_ID,Snapshot_ID,Recall,Accuracy,Recorded_At,Validation_Loss,Precision_Score,F1_Score) VALUES ('040e5a3f-9071-4c1b-b4ad-001d1ba5988d',3,0.8351,0.8504,'2023-09-11 23:44:00',0.4426,0.81,0.8224);
INSERT INTO Evaluation_Metric(Run_ID,Snapshot_ID,Recall,Accuracy,Recorded_At,Validation_Loss,Precision_Score,F1_Score) VALUES ('040e5a3f-9071-4c1b-b4ad-001d1ba5988d',4,0.8792,0.8781,'2023-09-11 18:44:00',0.3726,0.848,0.8633);
INSERT INTO Evaluation_Metric(Run_ID,Snapshot_ID,Recall,Accuracy,Recorded_At,Validation_Loss,Precision_Score,F1_Score) VALUES ('be79f51d-797e-47b6-aec4-fa4916ad399f',1,0.697,0.6842,'2023-10-27 05:43:00',0.6281,0.6799,0.6884);
INSERT INTO Evaluation_Metric(Run_ID,Snapshot_ID,Recall,Accuracy,Recorded_At,Validation_Loss,Precision_Score,F1_Score) VALUES ('be79f51d-797e-47b6-aec4-fa4916ad399f',2,0.708,0.7208,'2023-10-27 08:43:00',0.5464,0.7027,0.7053);
INSERT INTO Evaluation_Metric(Run_ID,Snapshot_ID,Recall,Accuracy,Recorded_At,Validation_Loss,Precision_Score,F1_Score) VALUES ('0f6ecc9d-fe1b-4ed2-8375-3344d4529c62',1,0.8076,0.8106,'2023-02-07 16:07:00',0.89,0.8169,0.8122);
INSERT INTO Evaluation_Metric(Run_ID,Snapshot_ID,Recall,Accuracy,Recorded_At,Validation_Loss,Precision_Score,F1_Score) VALUES ('0f6ecc9d-fe1b-4ed2-8375-3344d4529c62',2,0.8443,0.8343,'2023-02-07 15:07:00',0.7903,0.8823,0.8629);
INSERT INTO Evaluation_Metric(Run_ID,Snapshot_ID,Recall,Accuracy,Recorded_At,Validation_Loss,Precision_Score,F1_Score) VALUES ('0f6ecc9d-fe1b-4ed2-8375-3344d4529c62',3,0.8728,0.8541,'2023-02-07 19:07:00',0.6731,0.8307,0.8512);
INSERT INTO Evaluation_Metric(Run_ID,Snapshot_ID,Recall,Accuracy,Recorded_At,Validation_Loss,Precision_Score,F1_Score) VALUES ('0f6ecc9d-fe1b-4ed2-8375-3344d4529c62',4,0.8407,0.8802,'2023-02-08 05:07:00',0.5902,0.8885,0.8639);
INSERT INTO Evaluation_Metric(Run_ID,Snapshot_ID,Recall,Accuracy,Recorded_At,Validation_Loss,Precision_Score,F1_Score) VALUES ('b43288bb-ae20-4bf3-b4ed-5745e35f689d',1,0.7848,0.8219,'2022-09-19 09:50:00',0.5265,0.8419,0.8123);
INSERT INTO Evaluation_Metric(Run_ID,Snapshot_ID,Recall,Accuracy,Recorded_At,Validation_Loss,Precision_Score,F1_Score) VALUES ('b43288bb-ae20-4bf3-b4ed-5745e35f689d',2,0.8087,0.8194,'2022-09-19 13:50:00',0.429,0.8385,0.8233);
INSERT INTO Evaluation_Metric(Run_ID,Snapshot_ID,Recall,Accuracy,Recorded_At,Validation_Loss,Precision_Score,F1_Score) VALUES ('b43288bb-ae20-4bf3-b4ed-5745e35f689d',3,0.8006,0.8531,'2022-09-19 11:50:00',0.3952,0.8767,0.8369);
INSERT INTO Evaluation_Metric(Run_ID,Snapshot_ID,Recall,Accuracy,Recorded_At,Validation_Loss,Precision_Score,F1_Score) VALUES ('c6f9ec0f-7ca8-4868-a74b-2dc1b5cf42f1',1,0.6537,0.6586,'2022-11-24 17:44:00',0.8007,0.7042,0.678);
INSERT INTO Evaluation_Metric(Run_ID,Snapshot_ID,Recall,Accuracy,Recorded_At,Validation_Loss,Precision_Score,F1_Score) VALUES ('c6f9ec0f-7ca8-4868-a74b-2dc1b5cf42f1',2,0.704,0.6824,'2022-11-24 20:44:00',0.7004,0.7191,0.7115);
INSERT INTO Evaluation_Metric(Run_ID,Snapshot_ID,Recall,Accuracy,Recorded_At,Validation_Loss,Precision_Score,F1_Score) VALUES ('c6f9ec0f-7ca8-4868-a74b-2dc1b5cf42f1',3,0.6724,0.7029,'2022-11-24 20:44:00',0.6246,0.6721,0.6723);
INSERT INTO Evaluation_Metric(Run_ID,Snapshot_ID,Recall,Accuracy,Recorded_At,Validation_Loss,Precision_Score,F1_Score) VALUES ('c6f9ec0f-7ca8-4868-a74b-2dc1b5cf42f1',4,0.7725,0.7399,'2022-11-25 06:44:00',0.5341,0.7882,0.7802);
INSERT INTO Evaluation_Metric(Run_ID,Snapshot_ID,Recall,Accuracy,Recorded_At,Validation_Loss,Precision_Score,F1_Score) VALUES ('da416d1f-c75a-4326-ab50-76c7e13cb79e',1,0.6832,0.7087,'2023-12-07 18:05:00',0.8952,0.7309,0.7062);
INSERT INTO Evaluation_Metric(Run_ID,Snapshot_ID,Recall,Accuracy,Recorded_At,Validation_Loss,Precision_Score,F1_Score) VALUES ('da416d1f-c75a-4326-ab50-76c7e13cb79e',2,0.7249,0.7435,'2023-12-07 18:05:00',0.7979,0.7329,0.7289);
INSERT INTO Evaluation_Metric(Run_ID,Snapshot_ID,Recall,Accuracy,Recorded_At,Validation_Loss,Precision_Score,F1_Score) VALUES ('da416d1f-c75a-4326-ab50-76c7e13cb79e',3,0.7737,0.748,'2023-12-08 02:05:00',0.7433,0.7268,0.7495);
INSERT INTO Evaluation_Metric(Run_ID,Snapshot_ID,Recall,Accuracy,Recorded_At,Validation_Loss,Precision_Score,F1_Score) VALUES ('da416d1f-c75a-4326-ab50-76c7e13cb79e',4,0.7365,0.7708,'2023-12-08 02:05:00',0.6405,0.7955,0.7649);
INSERT INTO Evaluation_Metric(Run_ID,Snapshot_ID,Recall,Accuracy,Recorded_At,Validation_Loss,Precision_Score,F1_Score) VALUES ('a47f1787-639b-41dd-8c75-5dccad1d2cf8',1,0.5103,0.4899,'2022-08-15 04:14:00',0.9657,0.4642,0.4862);
INSERT INTO Evaluation_Metric(Run_ID,Snapshot_ID,Recall,Accuracy,Recorded_At,Validation_Loss,Precision_Score,F1_Score) VALUES ('a47f1787-639b-41dd-8c75-5dccad1d2cf8',2,0.5086,0.4826,'2022-08-15 06:14:00',0.9357,0.4739,0.4906);
INSERT INTO Evaluation_Metric(Run_ID,Snapshot_ID,Recall,Accuracy,Recorded_At,Validation_Loss,Precision_Score,F1_Score) VALUES ('a47f1787-639b-41dd-8c75-5dccad1d2cf8',3,0.5243,0.4728,'2022-08-15 14:14:00',0.875,0.4779,0.5);
INSERT INTO Evaluation_Metric(Run_ID,Snapshot_ID,Recall,Accuracy,Recorded_At,Validation_Loss,Precision_Score,F1_Score) VALUES ('a47f1787-639b-41dd-8c75-5dccad1d2cf8',4,0.5424,0.4867,'2022-08-15 06:14:00',0.8228,0.4566,0.4958);
INSERT INTO Evaluation_Metric(Run_ID,Snapshot_ID,Recall,Accuracy,Recorded_At,Validation_Loss,Precision_Score,F1_Score) VALUES ('7e92014f-1488-42db-8fd5-3cde3e4fbd30',1,0.6193,0.6748,'2023-01-15 19:33:00',0.4665,0.7098,0.6614);
INSERT INTO Evaluation_Metric(Run_ID,Snapshot_ID,Recall,Accuracy,Recorded_At,Validation_Loss,Precision_Score,F1_Score) VALUES ('7e92014f-1488-42db-8fd5-3cde3e4fbd30',2,0.7592,0.7089,'2023-01-15 23:33:00',0.3468,0.6765,0.7155);
INSERT INTO Evaluation_Metric(Run_ID,Snapshot_ID,Recall,Accuracy,Recorded_At,Validation_Loss,Precision_Score,F1_Score) VALUES ('661fff83-a2ce-468f-9fcf-eda7f51fd419',1,0.7261,0.7816,'2022-10-21 16:22:00',1.149,0.7605,0.7429);
INSERT INTO Evaluation_Metric(Run_ID,Snapshot_ID,Recall,Accuracy,Recorded_At,Validation_Loss,Precision_Score,F1_Score) VALUES ('661fff83-a2ce-468f-9fcf-eda7f51fd419',2,0.8125,0.818,'2022-10-21 23:22:00',1.0648,0.8015,0.807);
INSERT INTO Evaluation_Metric(Run_ID,Snapshot_ID,Recall,Accuracy,Recorded_At,Validation_Loss,Precision_Score,F1_Score) VALUES ('661fff83-a2ce-468f-9fcf-eda7f51fd419',3,0.853,0.8524,'2022-10-21 18:22:00',1.0175,0.8159,0.834);
INSERT INTO Evaluation_Metric(Run_ID,Snapshot_ID,Recall,Accuracy,Recorded_At,Validation_Loss,Precision_Score,F1_Score) VALUES ('661fff83-a2ce-468f-9fcf-eda7f51fd419',4,0.8768,0.859,'2022-10-21 19:22:00',0.9257,0.8821,0.8794);
INSERT INTO Evaluation_Metric(Run_ID,Snapshot_ID,Recall,Accuracy,Recorded_At,Validation_Loss,Precision_Score,F1_Score) VALUES ('661fff83-a2ce-468f-9fcf-eda7f51fd419',5,0.8939,0.8858,'2022-10-22 01:22:00',0.83,0.9149,0.9043);
INSERT INTO Evaluation_Metric(Run_ID,Snapshot_ID,Recall,Accuracy,Recorded_At,Validation_Loss,Precision_Score,F1_Score) VALUES ('a5d3494c-dd0d-47dc-a923-ce57096b30dc',1,0.6306,0.6684,'2023-10-28 05:20:00',0.8843,0.6853,0.6568);
INSERT INTO Evaluation_Metric(Run_ID,Snapshot_ID,Recall,Accuracy,Recorded_At,Validation_Loss,Precision_Score,F1_Score) VALUES ('a5d3494c-dd0d-47dc-a923-ce57096b30dc',2,0.6912,0.7052,'2023-10-28 08:20:00',0.8196,0.6559,0.6731);
INSERT INTO Evaluation_Metric(Run_ID,Snapshot_ID,Recall,Accuracy,Recorded_At,Validation_Loss,Precision_Score,F1_Score) VALUES ('a5d3494c-dd0d-47dc-a923-ce57096b30dc',3,0.7696,0.7429,'2023-10-28 11:20:00',0.7985,0.7231,0.7456);
INSERT INTO Evaluation_Metric(Run_ID,Snapshot_ID,Recall,Accuracy,Recorded_At,Validation_Loss,Precision_Score,F1_Score) VALUES ('a5d3494c-dd0d-47dc-a923-ce57096b30dc',4,0.7217,0.7675,'2023-10-28 18:20:00',0.7478,0.7237,0.7227);
INSERT INTO Evaluation_Metric(Run_ID,Snapshot_ID,Recall,Accuracy,Recorded_At,Validation_Loss,Precision_Score,F1_Score) VALUES ('a5d3494c-dd0d-47dc-a923-ce57096b30dc',5,0.8384,0.7918,'2023-10-28 07:20:00',0.6508,0.8341,0.8362);
INSERT INTO Evaluation_Metric(Run_ID,Snapshot_ID,Recall,Accuracy,Recorded_At,Validation_Loss,Precision_Score,F1_Score) VALUES ('40a6befd-2b29-49d8-9407-ad8de23a6859',1,0.7876,0.793,'2022-07-22 00:55:00',0.4461,0.7908,0.7892);
INSERT INTO Evaluation_Metric(Run_ID,Snapshot_ID,Recall,Accuracy,Recorded_At,Validation_Loss,Precision_Score,F1_Score) VALUES ('40a6befd-2b29-49d8-9407-ad8de23a6859',2,0.8003,0.8038,'2022-07-22 01:55:00',0.3724,0.8087,0.8045);
INSERT INTO Evaluation_Metric(Run_ID,Snapshot_ID,Recall,Accuracy,Recorded_At,Validation_Loss,Precision_Score,F1_Score) VALUES ('40a6befd-2b29-49d8-9407-ad8de23a6859',3,0.8434,0.8319,'2022-07-22 09:55:00',0.2736,0.8499,0.8466);
INSERT INTO Evaluation_Metric(Run_ID,Snapshot_ID,Recall,Accuracy,Recorded_At,Validation_Loss,Precision_Score,F1_Score) VALUES ('40a6befd-2b29-49d8-9407-ad8de23a6859',4,0.8984,0.8483,'2022-07-22 05:55:00',0.2424,0.8345,0.8652);
INSERT INTO Evaluation_Metric(Run_ID,Snapshot_ID,Recall,Accuracy,Recorded_At,Validation_Loss,Precision_Score,F1_Score) VALUES ('be8b5ee2-52a4-4443-9a9c-63bb1a4f15f6',1,0.7628,0.7368,'2023-12-13 00:28:00',1.2565,0.7548,0.7588);
INSERT INTO Evaluation_Metric(Run_ID,Snapshot_ID,Recall,Accuracy,Recorded_At,Validation_Loss,Precision_Score,F1_Score) VALUES ('be8b5ee2-52a4-4443-9a9c-63bb1a4f15f6',2,0.7688,0.7672,'2023-12-12 22:28:00',1.1908,0.7626,0.7657);
INSERT INTO Evaluation_Metric(Run_ID,Snapshot_ID,Recall,Accuracy,Recorded_At,Validation_Loss,Precision_Score,F1_Score) VALUES ('be8b5ee2-52a4-4443-9a9c-63bb1a4f15f6',3,0.7621,0.7851,'2023-12-13 05:28:00',1.1686,0.8024,0.7818);
INSERT INTO Evaluation_Metric(Run_ID,Snapshot_ID,Recall,Accuracy,Recorded_At,Validation_Loss,Precision_Score,F1_Score) VALUES ('fcf1ad5a-7a49-45f5-b7ec-15e9b7726eaf',1,0.5518,0.6041,'2023-11-28 04:01:00',0.8746,0.5886,0.5696);
INSERT INTO Evaluation_Metric(Run_ID,Snapshot_ID,Recall,Accuracy,Recorded_At,Validation_Loss,Precision_Score,F1_Score) VALUES ('fcf1ad5a-7a49-45f5-b7ec-15e9b7726eaf',2,0.6179,0.6434,'2023-11-28 07:01:00',0.8366,0.6406,0.6291);
INSERT INTO Evaluation_Metric(Run_ID,Snapshot_ID,Recall,Accuracy,Recorded_At,Validation_Loss,Precision_Score,F1_Score) VALUES ('ab9ff3bb-6e23-47d1-8879-49c3901216bf',1,0.7339,0.7486,'2023-05-14 18:45:00',1.3416,0.7903,0.7611);
INSERT INTO Evaluation_Metric(Run_ID,Snapshot_ID,Recall,Accuracy,Recorded_At,Validation_Loss,Precision_Score,F1_Score) VALUES ('ab9ff3bb-6e23-47d1-8879-49c3901216bf',2,0.7327,0.7713,'2023-05-14 20:45:00',1.2678,0.756,0.7442);
INSERT INTO Evaluation_Metric(Run_ID,Snapshot_ID,Recall,Accuracy,Recorded_At,Validation_Loss,Precision_Score,F1_Score) VALUES ('ab9ff3bb-6e23-47d1-8879-49c3901216bf',3,0.7381,0.7977,'2023-05-15 01:45:00',1.2456,0.7699,0.7537);
INSERT INTO Evaluation_Metric(Run_ID,Snapshot_ID,Recall,Accuracy,Recorded_At,Validation_Loss,Precision_Score,F1_Score) VALUES ('ab9ff3bb-6e23-47d1-8879-49c3901216bf',4,0.8017,0.8108,'2023-05-15 00:45:00',1.1876,0.8327,0.8169);
INSERT INTO Evaluation_Metric(Run_ID,Snapshot_ID,Recall,Accuracy,Recorded_At,Validation_Loss,Precision_Score,F1_Score) VALUES ('ab9ff3bb-6e23-47d1-8879-49c3901216bf',5,0.7863,0.8132,'2023-05-14 21:45:00',1.0739,0.7978,0.792);
INSERT INTO Evaluation_Metric(Run_ID,Snapshot_ID,Recall,Accuracy,Recorded_At,Validation_Loss,Precision_Score,F1_Score) VALUES ('dd7d9f79-7440-428e-9ff0-71ae61ff9320',1,0.7416,0.7997,'2024-02-04 05:24:00',0.7625,0.8381,0.7869);
INSERT INTO Evaluation_Metric(Run_ID,Snapshot_ID,Recall,Accuracy,Recorded_At,Validation_Loss,Precision_Score,F1_Score) VALUES ('dd7d9f79-7440-428e-9ff0-71ae61ff9320',2,0.8401,0.8194,'2024-02-04 08:24:00',0.6553,0.8141,0.8269);

-- ── MODEL_ARTIFACTS ────────────────────────────────────────
INSERT INTO Model_Artifact(Artifact_ID,User_ID,Run_ID,File_Size,File_Path,Uploaded_At) VALUES ('2f0adffe-fc70-4d2e-ba6f-e6139388af69','8f0cd434-9ac4-4acb-89cc-d8492892f14e','4e14450e-59c6-485a-8e16-48cd36bc4d75',432429128,'/artifacts/neural_network/4e14450e/model.pkl','2023-06-10 08:22:00');
INSERT INTO Model_Artifact(Artifact_ID,User_ID,Run_ID,File_Size,File_Path,Uploaded_At) VALUES ('9e5dfa34-d818-4114-80cd-b892cfffde8a','8f0cd434-9ac4-4acb-89cc-d8492892f14e','927fcbab-e98b-4327-a72a-367049056c80',150969429,'/artifacts/ridge_regression/927fcbab/model.pkl','2023-11-18 23:27:00');
INSERT INTO Model_Artifact(Artifact_ID,User_ID,Run_ID,File_Size,File_Path,Uploaded_At) VALUES ('e247d799-c446-4f5c-bcd4-632711f25266','9023a432-6d80-4499-bfa4-627c65a45079','e6a48003-34ae-47ab-8ffd-1718eac2f9f1',620558859,'/artifacts/neural_network/e6a48003/model.pkl','2023-03-21 12:34:00');
INSERT INTO Model_Artifact(Artifact_ID,User_ID,Run_ID,File_Size,File_Path,Uploaded_At) VALUES ('e5fcfe7d-b13d-4148-ac2b-b6efd7660ec4','c3316e10-ad80-440d-a70c-fee638034f18','01e5fb80-2253-45d1-a0ba-c52e526781f9',709397689,'/artifacts/neural_network/01e5fb80/model.pkl','2024-01-24 07:40:00');
INSERT INTO Model_Artifact(Artifact_ID,User_ID,Run_ID,File_Size,File_Path,Uploaded_At) VALUES ('346363e1-5dea-4b4d-bc4f-cee00898783e','8848134e-19df-4661-aada-a96d2981dac4','cae8b1de-b975-41f3-aaa0-f96e68a4af00',65952764,'/artifacts/lasso/cae8b1de/model.pkl','2022-09-24 01:19:00');
INSERT INTO Model_Artifact(Artifact_ID,User_ID,Run_ID,File_Size,File_Path,Uploaded_At) VALUES ('36457980-b3d3-4855-bb7e-b547e5f424dd','8f0cd434-9ac4-4acb-89cc-d8492892f14e','b3f37145-ff99-41bd-b2ac-8747a50bafc3',370312603,'/artifacts/distilbert/b3f37145/model.pkl','2024-01-31 04:50:00');
INSERT INTO Model_Artifact(Artifact_ID,User_ID,Run_ID,File_Size,File_Path,Uploaded_At) VALUES ('d94f6a09-be40-4107-9b15-308bdef812db','d19bbae4-5219-49d9-b22f-71fdee48bf32','2cdf1d49-5c87-4cd3-b932-3af389d58e9a',160721190,'/artifacts/yolov8/2cdf1d49/model.pkl','2023-08-23 00:39:00');
INSERT INTO Model_Artifact(Artifact_ID,User_ID,Run_ID,File_Size,File_Path,Uploaded_At) VALUES ('dfddb75e-2e32-4cf4-8183-bb17178d35ae','b5ce118d-db90-415c-958f-84be0645dea6','350339d0-5bec-4546-bd24-19f26c43e41c',242461866,'/artifacts/densenet-121/350339d0/model.pkl','2024-01-17 14:46:00');
INSERT INTO Model_Artifact(Artifact_ID,User_ID,Run_ID,File_Size,File_Path,Uploaded_At) VALUES ('71c42224-db67-4a01-9cb8-a329022c5ba5','d19bbae4-5219-49d9-b22f-71fdee48bf32','1ca0e4ba-89f2-4af5-8b7c-994cdb8a6ac5',598882096,'/artifacts/catboost/1ca0e4ba/model.pkl','2022-12-05 16:45:00');
INSERT INTO Model_Artifact(Artifact_ID,User_ID,Run_ID,File_Size,File_Path,Uploaded_At) VALUES ('14f388aa-90de-4277-9a86-e9238cd7f07c','8848134e-19df-4661-aada-a96d2981dac4','2227889b-dd58-4e2c-bb7e-082b73f6e364',218831154,'/artifacts/ridge_regression/2227889b/model.pkl','2023-07-01 02:45:00');
INSERT INTO Model_Artifact(Artifact_ID,User_ID,Run_ID,File_Size,File_Path,Uploaded_At) VALUES ('872e8f46-a14a-4af5-b542-13adf24fa42a','7cab0209-d233-4b1d-b2e8-b20ed46313e0','e458dadc-46c6-4987-a7e6-eed107da2a13',778516905,'/artifacts/lightgbm/e458dadc/model.pkl','2023-02-09 06:22:00');
INSERT INTO Model_Artifact(Artifact_ID,User_ID,Run_ID,File_Size,File_Path,Uploaded_At) VALUES ('fcb93f38-f347-4ead-a0f9-5f9b5e362d73','dd8155f7-c3ec-482e-9baa-96d61013621b','d1f1d166-4b56-4f46-ba72-8bec4c83f4b0',723849713,'/artifacts/resnet-50/d1f1d166/model.pkl','2023-03-01 00:54:00');
INSERT INTO Model_Artifact(Artifact_ID,User_ID,Run_ID,File_Size,File_Path,Uploaded_At) VALUES ('3d094f46-ae30-42ca-bbad-50d80077b169','cc4892e1-86f5-44f9-bd1d-336cf17ac228','3cb038e2-1aa4-4aef-ba1a-d0b564b24096',224792944,'/artifacts/ppo/3cb038e2/model.pkl','2023-01-03 11:34:00');
INSERT INTO Model_Artifact(Artifact_ID,User_ID,Run_ID,File_Size,File_Path,Uploaded_At) VALUES ('2a9f1a8c-61bb-4508-910c-b9568789d569','befc141b-1946-401c-8bdc-bd9e76cced1e','5087ae8c-c581-4c1c-9a72-eb1dcbc74cd6',796652940,'/artifacts/random_forest/5087ae8c/model.pkl','2023-02-08 10:48:00');
INSERT INTO Model_Artifact(Artifact_ID,User_ID,Run_ID,File_Size,File_Path,Uploaded_At) VALUES ('8b9f50b4-2e46-48cd-9709-3034c2162667','dd8155f7-c3ec-482e-9baa-96d61013621b','f73fdeb0-76ae-4af6-bc4c-d9731649eb91',257479659,'/artifacts/lasso/f73fdeb0/model.pkl','2022-11-20 21:31:00');
INSERT INTO Model_Artifact(Artifact_ID,User_ID,Run_ID,File_Size,File_Path,Uploaded_At) VALUES ('dd5d9286-d749-45ad-beaf-4ded2dfc9e82','dfe22e6d-92ba-43eb-9da8-303d31ebe1f1','03bcd213-26f7-477c-8061-546a9dc5fd0c',573502461,'/artifacts/random_forest/03bcd213/model.pkl','2023-12-20 22:37:00');
INSERT INTO Model_Artifact(Artifact_ID,User_ID,Run_ID,File_Size,File_Path,Uploaded_At) VALUES ('52c84761-062f-456e-9563-a923f4de13b4','5c5c6f56-6ab0-429a-8785-4fda69e0cb68','7249cf38-1a69-4e00-a781-295042041a6a',534447427,'/artifacts/random_forest/7249cf38/model.pkl','2023-07-26 12:58:00');
INSERT INTO Model_Artifact(Artifact_ID,User_ID,Run_ID,File_Size,File_Path,Uploaded_At) VALUES ('c229b6b7-4975-4a55-9e21-5f31e9fdfe91','cc4892e1-86f5-44f9-bd1d-336cf17ac228','14a85f7a-8cdf-4608-8084-fbc98654333b',344347870,'/artifacts/neural_network/14a85f7a/model.pkl','2024-01-23 06:29:00');
INSERT INTO Model_Artifact(Artifact_ID,User_ID,Run_ID,File_Size,File_Path,Uploaded_At) VALUES ('d477c3a5-2cad-457a-878e-3e04081aed37','4bcaa2c4-1bcb-4a8d-a67e-32976eb70349','9045bd09-8c7a-4e2e-aabd-6479b3d994b3',238091250,'/artifacts/diffusion/9045bd09/model.pkl','2022-10-17 00:36:00');
INSERT INTO Model_Artifact(Artifact_ID,User_ID,Run_ID,File_Size,File_Path,Uploaded_At) VALUES ('96421821-91bf-45e0-b042-ed34cf146e79','7cab0209-d233-4b1d-b2e8-b20ed46313e0','aa3d47a0-2b28-47a2-bdb8-c157bbc0b0b3',627599478,'/artifacts/a3c/aa3d47a0/model.pkl','2023-06-29 12:02:00');
INSERT INTO Model_Artifact(Artifact_ID,User_ID,Run_ID,File_Size,File_Path,Uploaded_At) VALUES ('ed60febc-1355-4e21-9e90-51c761bd1b59','9023a432-6d80-4499-bfa4-627c65a45079','abc9ea01-4539-42c8-af89-b042bf59e3ff',247480616,'/artifacts/optics/abc9ea01/model.pkl','2023-05-03 05:33:00');
INSERT INTO Model_Artifact(Artifact_ID,User_ID,Run_ID,File_Size,File_Path,Uploaded_At) VALUES ('f59e6286-b6d5-4457-ab8d-641be4280a74','8848134e-19df-4661-aada-a96d2981dac4','1b2586d4-7cbb-467d-a57a-572667bc67a5',525152904,'/artifacts/catboost/1b2586d4/model.pkl','2023-09-10 00:44:00');
INSERT INTO Model_Artifact(Artifact_ID,User_ID,Run_ID,File_Size,File_Path,Uploaded_At) VALUES ('47510e2e-d451-4582-9d2a-4e188d769fcd','055ae609-4fc9-4fee-84db-5d8e21361372','c245e3bb-e03b-46fe-8b7b-2d67e2c8a65a',182247678,'/artifacts/yolov8/c245e3bb/model.pkl','2022-08-06 10:49:00');
INSERT INTO Model_Artifact(Artifact_ID,User_ID,Run_ID,File_Size,File_Path,Uploaded_At) VALUES ('857704f9-9afa-4f61-8138-e70e73dd086d','5c5c6f56-6ab0-429a-8785-4fda69e0cb68','b55252c1-b24e-4c11-9055-b4da0ee64127',36817983,'/artifacts/t5/b55252c1/model.pkl','2023-08-02 09:25:00');
INSERT INTO Model_Artifact(Artifact_ID,User_ID,Run_ID,File_Size,File_Path,Uploaded_At) VALUES ('57b4f099-aa1b-4498-9096-c3ca57280a2b','8f0cd434-9ac4-4acb-89cc-d8492892f14e','42e691cc-a197-4cbe-a471-5072bb596180',7354580,'/artifacts/gaussian_mixture/42e691cc/model.pkl','2023-07-16 08:03:00');
INSERT INTO Model_Artifact(Artifact_ID,User_ID,Run_ID,File_Size,File_Path,Uploaded_At) VALUES ('f01dad53-1957-4c39-bdf2-ab598a189039','b5ce118d-db90-415c-958f-84be0645dea6','2a50ddb8-bbce-485b-8d0e-f4d3edcd0a9d',73480019,'/artifacts/mbert/2a50ddb8/model.pkl','2022-11-20 06:10:00');
INSERT INTO Model_Artifact(Artifact_ID,User_ID,Run_ID,File_Size,File_Path,Uploaded_At) VALUES ('c0067929-4d3d-40a9-8885-67d7eb6ef053','5c5c6f56-6ab0-429a-8785-4fda69e0cb68','976a27a7-d8de-4c63-b72d-887d2312112b',490136644,'/artifacts/dbscan/976a27a7/model.pkl','2024-01-09 00:24:00');
INSERT INTO Model_Artifact(Artifact_ID,User_ID,Run_ID,File_Size,File_Path,Uploaded_At) VALUES ('26282fd0-e876-4f01-9b13-ab7000fa73d1','8a3d1287-e9c8-46a3-8ab0-6a724a875d1d','f45a4360-102c-4ecb-91fc-231316e163ac',519336510,'/artifacts/random_forest/f45a4360/model.pkl','2023-05-25 19:16:00');
INSERT INTO Model_Artifact(Artifact_ID,User_ID,Run_ID,File_Size,File_Path,Uploaded_At) VALUES ('460822aa-e2a8-47a0-a928-d51001d12bd7','7cab0209-d233-4b1d-b2e8-b20ed46313e0','af028465-9013-47d2-950d-468f481d7e31',442171360,'/artifacts/diffusion/af028465/model.pkl','2023-11-22 20:26:00');
INSERT INTO Model_Artifact(Artifact_ID,User_ID,Run_ID,File_Size,File_Path,Uploaded_At) VALUES ('a4a0322a-ef69-4797-975d-c5b62ef0dfd3','8848134e-19df-4661-aada-a96d2981dac4','1fd0ed17-09c5-46e2-af1b-720bf0237f8f',575744407,'/artifacts/random_forest_regres/1fd0ed17/model.pkl','2022-09-24 16:18:00');
INSERT INTO Model_Artifact(Artifact_ID,User_ID,Run_ID,File_Size,File_Path,Uploaded_At) VALUES ('867378f3-d7b7-407d-b36e-39e858d9a3e9','d19bbae4-5219-49d9-b22f-71fdee48bf32','3e666d4b-68e4-437f-8210-972eb4041048',192986308,'/artifacts/efficientnet-b4/3e666d4b/model.pkl','2024-02-16 17:17:00');
INSERT INTO Model_Artifact(Artifact_ID,User_ID,Run_ID,File_Size,File_Path,Uploaded_At) VALUES ('3e2fd8b7-29c7-4e63-bd3e-b07da0d2ddda','b5ce118d-db90-415c-958f-84be0645dea6','c82ff913-6c84-4316-b933-b37d3ed273a0',206585476,'/artifacts/ppo/c82ff913/model.pkl','2023-03-09 08:43:00');
INSERT INTO Model_Artifact(Artifact_ID,User_ID,Run_ID,File_Size,File_Path,Uploaded_At) VALUES ('4c74a967-d596-4c2b-bd6f-d498c1547eab','cbf34b31-fc78-436a-a6d7-1cfa9248c912','bc077571-21ea-4e67-bee2-e340367438c1',401061082,'/artifacts/xgboost_regressor/bc077571/model.pkl','2023-04-17 03:34:00');
INSERT INTO Model_Artifact(Artifact_ID,User_ID,Run_ID,File_Size,File_Path,Uploaded_At) VALUES ('16bc2c81-fd9d-4d68-bb0d-3b5b2b8c4bd5','a39b18dc-e434-4243-b8c5-aea132c8c055','040e5a3f-9071-4c1b-b4ad-001d1ba5988d',734984102,'/artifacts/roberta/040e5a3f/model.pkl','2023-09-12 07:30:00');
INSERT INTO Model_Artifact(Artifact_ID,User_ID,Run_ID,File_Size,File_Path,Uploaded_At) VALUES ('0f24ed61-10a2-43a0-a01e-d4d0dc850203','8f0cd434-9ac4-4acb-89cc-d8492892f14e','be79f51d-797e-47b6-aec4-fa4916ad399f',100895400,'/artifacts/lasso/be79f51d/model.pkl','2023-10-27 11:56:00');
INSERT INTO Model_Artifact(Artifact_ID,User_ID,Run_ID,File_Size,File_Path,Uploaded_At) VALUES ('5ec962a2-f44a-4412-96df-46dcee652e6a','8f0cd434-9ac4-4acb-89cc-d8492892f14e','0f6ecc9d-fe1b-4ed2-8375-3344d4529c62',684203040,'/artifacts/t5/0f6ecc9d/model.pkl','2023-02-08 07:23:00');
INSERT INTO Model_Artifact(Artifact_ID,User_ID,Run_ID,File_Size,File_Path,Uploaded_At) VALUES ('ae2f3038-da38-41ee-a615-7254a1ef1f66','9023a432-6d80-4499-bfa4-627c65a45079','b43288bb-ae20-4bf3-b4ed-5745e35f689d',608083925,'/artifacts/efficientnet-b4/b43288bb/model.pkl','2022-09-19 16:57:00');
INSERT INTO Model_Artifact(Artifact_ID,User_ID,Run_ID,File_Size,File_Path,Uploaded_At) VALUES ('4c247d10-3790-4340-907c-a85c83efc07f','b5ce118d-db90-415c-958f-84be0645dea6','c6f9ec0f-7ca8-4868-a74b-2dc1b5cf42f1',227507332,'/artifacts/diffusion/c6f9ec0f/model.pkl','2022-11-25 01:58:00');
INSERT INTO Model_Artifact(Artifact_ID,User_ID,Run_ID,File_Size,File_Path,Uploaded_At) VALUES ('04fb63fb-2512-4bd1-8de5-b21b4f1e068b','cbf34b31-fc78-436a-a6d7-1cfa9248c912','da416d1f-c75a-4326-ab50-76c7e13cb79e',735399763,'/artifacts/efficientdet/da416d1f/model.pkl','2023-12-07 17:11:00');
INSERT INTO Model_Artifact(Artifact_ID,User_ID,Run_ID,File_Size,File_Path,Uploaded_At) VALUES ('a696b47c-e995-44bf-8bc3-36b54ad487a0','9023a432-6d80-4499-bfa4-627c65a45079','a47f1787-639b-41dd-8c75-5dccad1d2cf8',17312751,'/artifacts/ppo/a47f1787/model.pkl','2022-08-15 04:10:00');
INSERT INTO Model_Artifact(Artifact_ID,User_ID,Run_ID,File_Size,File_Path,Uploaded_At) VALUES ('40e07bf3-aeca-4330-916a-0ba2d7bc7625','a39b18dc-e434-4243-b8c5-aea132c8c055','7e92014f-1488-42db-8fd5-3cde3e4fbd30',174929624,'/artifacts/k-means/7e92014f/model.pkl','2023-01-16 07:51:00');
INSERT INTO Model_Artifact(Artifact_ID,User_ID,Run_ID,File_Size,File_Path,Uploaded_At) VALUES ('66c0d885-becb-4cf2-bfb6-99338b7d2b70','7cab0209-d233-4b1d-b2e8-b20ed46313e0','661fff83-a2ce-468f-9fcf-eda7f51fd419',356692204,'/artifacts/roberta/661fff83/model.pkl','2022-10-22 05:57:00');
INSERT INTO Model_Artifact(Artifact_ID,User_ID,Run_ID,File_Size,File_Path,Uploaded_At) VALUES ('4071cd74-de6a-440e-b978-cdfefa90004e','8f0cd434-9ac4-4acb-89cc-d8492892f14e','a5d3494c-dd0d-47dc-a923-ce57096b30dc',105389313,'/artifacts/gaussian_mixture/a5d3494c/model.pkl','2023-10-28 11:55:00');
INSERT INTO Model_Artifact(Artifact_ID,User_ID,Run_ID,File_Size,File_Path,Uploaded_At) VALUES ('c5a6a3ea-39e0-440f-ac77-a5439adac416','9023a432-6d80-4499-bfa4-627c65a45079','40a6befd-2b29-49d8-9407-ad8de23a6859',650294986,'/artifacts/svm/40a6befd/model.pkl','2022-07-22 16:50:00');
INSERT INTO Model_Artifact(Artifact_ID,User_ID,Run_ID,File_Size,File_Path,Uploaded_At) VALUES ('cc6672e6-37a6-454f-bddb-c61160112841','8848134e-19df-4661-aada-a96d2981dac4','be8b5ee2-52a4-4443-9a9c-63bb1a4f15f6',484274585,'/artifacts/neural_network/be8b5ee2/model.pkl','2023-12-12 22:58:00');
INSERT INTO Model_Artifact(Artifact_ID,User_ID,Run_ID,File_Size,File_Path,Uploaded_At) VALUES ('75c26129-90f9-4878-bc36-326d53d54807','dd8155f7-c3ec-482e-9baa-96d61013621b','fcf1ad5a-7a49-45f5-b7ec-15e9b7726eaf',464193201,'/artifacts/diffusion/fcf1ad5a/model.pkl','2023-11-28 11:53:00');
INSERT INTO Model_Artifact(Artifact_ID,User_ID,Run_ID,File_Size,File_Path,Uploaded_At) VALUES ('71b6d9fe-8e0e-437b-a9c3-9a31c2d82ece','8a3d1287-e9c8-46a3-8ab0-6a724a875d1d','ab9ff3bb-6e23-47d1-8879-49c3901216bf',317661302,'/artifacts/efficientnet-b4/ab9ff3bb/model.pkl','2023-05-15 02:38:00');
INSERT INTO Model_Artifact(Artifact_ID,User_ID,Run_ID,File_Size,File_Path,Uploaded_At) VALUES ('0dd46bf3-6191-457f-9474-97527024716f','cbf34b31-fc78-436a-a6d7-1cfa9248c912','dd7d9f79-7440-428e-9ff0-71ae61ff9320',288232777,'/artifacts/lightgbm_regressor/dd7d9f79/model.pkl','2024-02-04 12:28:00');

-- ── FILES ──────────────────────────────────────────────────
INSERT INTO Files(Artifact_ID,File_Type) VALUES ('2f0adffe-fc70-4d2e-ba6f-e6139388af69','onnx');
INSERT INTO Files(Artifact_ID,File_Type) VALUES ('2f0adffe-fc70-4d2e-ba6f-e6139388af69','config');
INSERT INTO Files(Artifact_ID,File_Type) VALUES ('9e5dfa34-d818-4114-80cd-b892cfffde8a','config');
INSERT INTO Files(Artifact_ID,File_Type) VALUES ('9e5dfa34-d818-4114-80cd-b892cfffde8a','checkpoint');
INSERT INTO Files(Artifact_ID,File_Type) VALUES ('9e5dfa34-d818-4114-80cd-b892cfffde8a','onnx');
INSERT INTO Files(Artifact_ID,File_Type) VALUES ('e247d799-c446-4f5c-bcd4-632711f25266','log');
INSERT INTO Files(Artifact_ID,File_Type) VALUES ('e247d799-c446-4f5c-bcd4-632711f25266','script');
INSERT INTO Files(Artifact_ID,File_Type) VALUES ('e247d799-c446-4f5c-bcd4-632711f25266','config');
INSERT INTO Files(Artifact_ID,File_Type) VALUES ('e247d799-c446-4f5c-bcd4-632711f25266','checkpoint');
INSERT INTO Files(Artifact_ID,File_Type) VALUES ('e5fcfe7d-b13d-4148-ac2b-b6efd7660ec4','tokenizer');
INSERT INTO Files(Artifact_ID,File_Type) VALUES ('e5fcfe7d-b13d-4148-ac2b-b6efd7660ec4','script');
INSERT INTO Files(Artifact_ID,File_Type) VALUES ('346363e1-5dea-4b4d-bc4f-cee00898783e','checkpoint');
INSERT INTO Files(Artifact_ID,File_Type) VALUES ('346363e1-5dea-4b4d-bc4f-cee00898783e','config');
INSERT INTO Files(Artifact_ID,File_Type) VALUES ('346363e1-5dea-4b4d-bc4f-cee00898783e','tokenizer');
INSERT INTO Files(Artifact_ID,File_Type) VALUES ('346363e1-5dea-4b4d-bc4f-cee00898783e','onnx');
INSERT INTO Files(Artifact_ID,File_Type) VALUES ('36457980-b3d3-4855-bb7e-b547e5f424dd','tokenizer');
INSERT INTO Files(Artifact_ID,File_Type) VALUES ('36457980-b3d3-4855-bb7e-b547e5f424dd','onnx');
INSERT INTO Files(Artifact_ID,File_Type) VALUES ('36457980-b3d3-4855-bb7e-b547e5f424dd','script');
INSERT INTO Files(Artifact_ID,File_Type) VALUES ('36457980-b3d3-4855-bb7e-b547e5f424dd','log');
INSERT INTO Files(Artifact_ID,File_Type) VALUES ('d94f6a09-be40-4107-9b15-308bdef812db','config');
INSERT INTO Files(Artifact_ID,File_Type) VALUES ('d94f6a09-be40-4107-9b15-308bdef812db','onnx');
INSERT INTO Files(Artifact_ID,File_Type) VALUES ('d94f6a09-be40-4107-9b15-308bdef812db','tokenizer');
INSERT INTO Files(Artifact_ID,File_Type) VALUES ('dfddb75e-2e32-4cf4-8183-bb17178d35ae','config');
INSERT INTO Files(Artifact_ID,File_Type) VALUES ('dfddb75e-2e32-4cf4-8183-bb17178d35ae','tokenizer');
INSERT INTO Files(Artifact_ID,File_Type) VALUES ('dfddb75e-2e32-4cf4-8183-bb17178d35ae','weights');
INSERT INTO Files(Artifact_ID,File_Type) VALUES ('dfddb75e-2e32-4cf4-8183-bb17178d35ae','checkpoint');
INSERT INTO Files(Artifact_ID,File_Type) VALUES ('71c42224-db67-4a01-9cb8-a329022c5ba5','tokenizer');
INSERT INTO Files(Artifact_ID,File_Type) VALUES ('71c42224-db67-4a01-9cb8-a329022c5ba5','config');
INSERT INTO Files(Artifact_ID,File_Type) VALUES ('14f388aa-90de-4277-9a86-e9238cd7f07c','weights');
INSERT INTO Files(Artifact_ID,File_Type) VALUES ('14f388aa-90de-4277-9a86-e9238cd7f07c','tokenizer');
INSERT INTO Files(Artifact_ID,File_Type) VALUES ('14f388aa-90de-4277-9a86-e9238cd7f07c','script');
INSERT INTO Files(Artifact_ID,File_Type) VALUES ('14f388aa-90de-4277-9a86-e9238cd7f07c','log');
INSERT INTO Files(Artifact_ID,File_Type) VALUES ('872e8f46-a14a-4af5-b542-13adf24fa42a','weights');
INSERT INTO Files(Artifact_ID,File_Type) VALUES ('872e8f46-a14a-4af5-b542-13adf24fa42a','script');
INSERT INTO Files(Artifact_ID,File_Type) VALUES ('fcb93f38-f347-4ead-a0f9-5f9b5e362d73','weights');
INSERT INTO Files(Artifact_ID,File_Type) VALUES ('fcb93f38-f347-4ead-a0f9-5f9b5e362d73','log');
INSERT INTO Files(Artifact_ID,File_Type) VALUES ('fcb93f38-f347-4ead-a0f9-5f9b5e362d73','config');
INSERT INTO Files(Artifact_ID,File_Type) VALUES ('fcb93f38-f347-4ead-a0f9-5f9b5e362d73','onnx');
INSERT INTO Files(Artifact_ID,File_Type) VALUES ('3d094f46-ae30-42ca-bbad-50d80077b169','script');
INSERT INTO Files(Artifact_ID,File_Type) VALUES ('3d094f46-ae30-42ca-bbad-50d80077b169','weights');
INSERT INTO Files(Artifact_ID,File_Type) VALUES ('3d094f46-ae30-42ca-bbad-50d80077b169','config');
INSERT INTO Files(Artifact_ID,File_Type) VALUES ('2a9f1a8c-61bb-4508-910c-b9568789d569','log');
INSERT INTO Files(Artifact_ID,File_Type) VALUES ('2a9f1a8c-61bb-4508-910c-b9568789d569','tokenizer');
INSERT INTO Files(Artifact_ID,File_Type) VALUES ('2a9f1a8c-61bb-4508-910c-b9568789d569','config');
INSERT INTO Files(Artifact_ID,File_Type) VALUES ('2a9f1a8c-61bb-4508-910c-b9568789d569','onnx');
INSERT INTO Files(Artifact_ID,File_Type) VALUES ('8b9f50b4-2e46-48cd-9709-3034c2162667','log');
INSERT INTO Files(Artifact_ID,File_Type) VALUES ('8b9f50b4-2e46-48cd-9709-3034c2162667','script');
INSERT INTO Files(Artifact_ID,File_Type) VALUES ('8b9f50b4-2e46-48cd-9709-3034c2162667','tokenizer');
INSERT INTO Files(Artifact_ID,File_Type) VALUES ('dd5d9286-d749-45ad-beaf-4ded2dfc9e82','script');
INSERT INTO Files(Artifact_ID,File_Type) VALUES ('dd5d9286-d749-45ad-beaf-4ded2dfc9e82','log');
INSERT INTO Files(Artifact_ID,File_Type) VALUES ('dd5d9286-d749-45ad-beaf-4ded2dfc9e82','checkpoint');
INSERT INTO Files(Artifact_ID,File_Type) VALUES ('52c84761-062f-456e-9563-a923f4de13b4','log');
INSERT INTO Files(Artifact_ID,File_Type) VALUES ('52c84761-062f-456e-9563-a923f4de13b4','checkpoint');
INSERT INTO Files(Artifact_ID,File_Type) VALUES ('c229b6b7-4975-4a55-9e21-5f31e9fdfe91','script');
INSERT INTO Files(Artifact_ID,File_Type) VALUES ('c229b6b7-4975-4a55-9e21-5f31e9fdfe91','tokenizer');
INSERT INTO Files(Artifact_ID,File_Type) VALUES ('c229b6b7-4975-4a55-9e21-5f31e9fdfe91','weights');
INSERT INTO Files(Artifact_ID,File_Type) VALUES ('d477c3a5-2cad-457a-878e-3e04081aed37','weights');
INSERT INTO Files(Artifact_ID,File_Type) VALUES ('d477c3a5-2cad-457a-878e-3e04081aed37','script');
INSERT INTO Files(Artifact_ID,File_Type) VALUES ('96421821-91bf-45e0-b042-ed34cf146e79','tokenizer');
INSERT INTO Files(Artifact_ID,File_Type) VALUES ('96421821-91bf-45e0-b042-ed34cf146e79','script');
INSERT INTO Files(Artifact_ID,File_Type) VALUES ('96421821-91bf-45e0-b042-ed34cf146e79','config');
INSERT INTO Files(Artifact_ID,File_Type) VALUES ('96421821-91bf-45e0-b042-ed34cf146e79','onnx');
INSERT INTO Files(Artifact_ID,File_Type) VALUES ('ed60febc-1355-4e21-9e90-51c761bd1b59','log');
INSERT INTO Files(Artifact_ID,File_Type) VALUES ('ed60febc-1355-4e21-9e90-51c761bd1b59','config');
INSERT INTO Files(Artifact_ID,File_Type) VALUES ('ed60febc-1355-4e21-9e90-51c761bd1b59','tokenizer');
INSERT INTO Files(Artifact_ID,File_Type) VALUES ('ed60febc-1355-4e21-9e90-51c761bd1b59','script');
INSERT INTO Files(Artifact_ID,File_Type) VALUES ('f59e6286-b6d5-4457-ab8d-641be4280a74','checkpoint');
INSERT INTO Files(Artifact_ID,File_Type) VALUES ('f59e6286-b6d5-4457-ab8d-641be4280a74','tokenizer');
INSERT INTO Files(Artifact_ID,File_Type) VALUES ('f59e6286-b6d5-4457-ab8d-641be4280a74','log');
INSERT INTO Files(Artifact_ID,File_Type) VALUES ('f59e6286-b6d5-4457-ab8d-641be4280a74','config');
INSERT INTO Files(Artifact_ID,File_Type) VALUES ('47510e2e-d451-4582-9d2a-4e188d769fcd','onnx');
INSERT INTO Files(Artifact_ID,File_Type) VALUES ('47510e2e-d451-4582-9d2a-4e188d769fcd','tokenizer');
INSERT INTO Files(Artifact_ID,File_Type) VALUES ('47510e2e-d451-4582-9d2a-4e188d769fcd','config');
INSERT INTO Files(Artifact_ID,File_Type) VALUES ('47510e2e-d451-4582-9d2a-4e188d769fcd','weights');
INSERT INTO Files(Artifact_ID,File_Type) VALUES ('857704f9-9afa-4f61-8138-e70e73dd086d','log');
INSERT INTO Files(Artifact_ID,File_Type) VALUES ('857704f9-9afa-4f61-8138-e70e73dd086d','checkpoint');
INSERT INTO Files(Artifact_ID,File_Type) VALUES ('57b4f099-aa1b-4498-9096-c3ca57280a2b','log');
INSERT INTO Files(Artifact_ID,File_Type) VALUES ('57b4f099-aa1b-4498-9096-c3ca57280a2b','checkpoint');
INSERT INTO Files(Artifact_ID,File_Type) VALUES ('f01dad53-1957-4c39-bdf2-ab598a189039','weights');
INSERT INTO Files(Artifact_ID,File_Type) VALUES ('f01dad53-1957-4c39-bdf2-ab598a189039','config');
INSERT INTO Files(Artifact_ID,File_Type) VALUES ('c0067929-4d3d-40a9-8885-67d7eb6ef053','onnx');
INSERT INTO Files(Artifact_ID,File_Type) VALUES ('c0067929-4d3d-40a9-8885-67d7eb6ef053','checkpoint');
INSERT INTO Files(Artifact_ID,File_Type) VALUES ('26282fd0-e876-4f01-9b13-ab7000fa73d1','weights');
INSERT INTO Files(Artifact_ID,File_Type) VALUES ('26282fd0-e876-4f01-9b13-ab7000fa73d1','log');
INSERT INTO Files(Artifact_ID,File_Type) VALUES ('26282fd0-e876-4f01-9b13-ab7000fa73d1','onnx');
INSERT INTO Files(Artifact_ID,File_Type) VALUES ('460822aa-e2a8-47a0-a928-d51001d12bd7','onnx');
INSERT INTO Files(Artifact_ID,File_Type) VALUES ('460822aa-e2a8-47a0-a928-d51001d12bd7','checkpoint');
INSERT INTO Files(Artifact_ID,File_Type) VALUES ('a4a0322a-ef69-4797-975d-c5b62ef0dfd3','onnx');
INSERT INTO Files(Artifact_ID,File_Type) VALUES ('a4a0322a-ef69-4797-975d-c5b62ef0dfd3','checkpoint');
INSERT INTO Files(Artifact_ID,File_Type) VALUES ('867378f3-d7b7-407d-b36e-39e858d9a3e9','onnx');
INSERT INTO Files(Artifact_ID,File_Type) VALUES ('867378f3-d7b7-407d-b36e-39e858d9a3e9','config');
INSERT INTO Files(Artifact_ID,File_Type) VALUES ('3e2fd8b7-29c7-4e63-bd3e-b07da0d2ddda','script');
INSERT INTO Files(Artifact_ID,File_Type) VALUES ('3e2fd8b7-29c7-4e63-bd3e-b07da0d2ddda','log');
INSERT INTO Files(Artifact_ID,File_Type) VALUES ('3e2fd8b7-29c7-4e63-bd3e-b07da0d2ddda','checkpoint');
INSERT INTO Files(Artifact_ID,File_Type) VALUES ('3e2fd8b7-29c7-4e63-bd3e-b07da0d2ddda','tokenizer');
INSERT INTO Files(Artifact_ID,File_Type) VALUES ('4c74a967-d596-4c2b-bd6f-d498c1547eab','onnx');
INSERT INTO Files(Artifact_ID,File_Type) VALUES ('4c74a967-d596-4c2b-bd6f-d498c1547eab','config');
INSERT INTO Files(Artifact_ID,File_Type) VALUES ('4c74a967-d596-4c2b-bd6f-d498c1547eab','checkpoint');
INSERT INTO Files(Artifact_ID,File_Type) VALUES ('16bc2c81-fd9d-4d68-bb0d-3b5b2b8c4bd5','checkpoint');
INSERT INTO Files(Artifact_ID,File_Type) VALUES ('16bc2c81-fd9d-4d68-bb0d-3b5b2b8c4bd5','log');
INSERT INTO Files(Artifact_ID,File_Type) VALUES ('0f24ed61-10a2-43a0-a01e-d4d0dc850203','tokenizer');
INSERT INTO Files(Artifact_ID,File_Type) VALUES ('0f24ed61-10a2-43a0-a01e-d4d0dc850203','onnx');
INSERT INTO Files(Artifact_ID,File_Type) VALUES ('0f24ed61-10a2-43a0-a01e-d4d0dc850203','log');
INSERT INTO Files(Artifact_ID,File_Type) VALUES ('5ec962a2-f44a-4412-96df-46dcee652e6a','config');
INSERT INTO Files(Artifact_ID,File_Type) VALUES ('5ec962a2-f44a-4412-96df-46dcee652e6a','weights');
INSERT INTO Files(Artifact_ID,File_Type) VALUES ('5ec962a2-f44a-4412-96df-46dcee652e6a','tokenizer');
INSERT INTO Files(Artifact_ID,File_Type) VALUES ('5ec962a2-f44a-4412-96df-46dcee652e6a','onnx');
INSERT INTO Files(Artifact_ID,File_Type) VALUES ('ae2f3038-da38-41ee-a615-7254a1ef1f66','onnx');
INSERT INTO Files(Artifact_ID,File_Type) VALUES ('ae2f3038-da38-41ee-a615-7254a1ef1f66','weights');
INSERT INTO Files(Artifact_ID,File_Type) VALUES ('4c247d10-3790-4340-907c-a85c83efc07f','onnx');
INSERT INTO Files(Artifact_ID,File_Type) VALUES ('4c247d10-3790-4340-907c-a85c83efc07f','tokenizer');
INSERT INTO Files(Artifact_ID,File_Type) VALUES ('4c247d10-3790-4340-907c-a85c83efc07f','script');
INSERT INTO Files(Artifact_ID,File_Type) VALUES ('4c247d10-3790-4340-907c-a85c83efc07f','weights');
INSERT INTO Files(Artifact_ID,File_Type) VALUES ('04fb63fb-2512-4bd1-8de5-b21b4f1e068b','onnx');
INSERT INTO Files(Artifact_ID,File_Type) VALUES ('04fb63fb-2512-4bd1-8de5-b21b4f1e068b','checkpoint');
INSERT INTO Files(Artifact_ID,File_Type) VALUES ('04fb63fb-2512-4bd1-8de5-b21b4f1e068b','weights');
INSERT INTO Files(Artifact_ID,File_Type) VALUES ('04fb63fb-2512-4bd1-8de5-b21b4f1e068b','config');
INSERT INTO Files(Artifact_ID,File_Type) VALUES ('a696b47c-e995-44bf-8bc3-36b54ad487a0','config');
INSERT INTO Files(Artifact_ID,File_Type) VALUES ('a696b47c-e995-44bf-8bc3-36b54ad487a0','checkpoint');
INSERT INTO Files(Artifact_ID,File_Type) VALUES ('a696b47c-e995-44bf-8bc3-36b54ad487a0','tokenizer');
INSERT INTO Files(Artifact_ID,File_Type) VALUES ('a696b47c-e995-44bf-8bc3-36b54ad487a0','weights');
INSERT INTO Files(Artifact_ID,File_Type) VALUES ('40e07bf3-aeca-4330-916a-0ba2d7bc7625','onnx');
INSERT INTO Files(Artifact_ID,File_Type) VALUES ('40e07bf3-aeca-4330-916a-0ba2d7bc7625','tokenizer');
INSERT INTO Files(Artifact_ID,File_Type) VALUES ('66c0d885-becb-4cf2-bfb6-99338b7d2b70','config');
INSERT INTO Files(Artifact_ID,File_Type) VALUES ('66c0d885-becb-4cf2-bfb6-99338b7d2b70','checkpoint');
INSERT INTO Files(Artifact_ID,File_Type) VALUES ('66c0d885-becb-4cf2-bfb6-99338b7d2b70','weights');
INSERT INTO Files(Artifact_ID,File_Type) VALUES ('66c0d885-becb-4cf2-bfb6-99338b7d2b70','script');
INSERT INTO Files(Artifact_ID,File_Type) VALUES ('4071cd74-de6a-440e-b978-cdfefa90004e','log');
INSERT INTO Files(Artifact_ID,File_Type) VALUES ('4071cd74-de6a-440e-b978-cdfefa90004e','weights');
INSERT INTO Files(Artifact_ID,File_Type) VALUES ('c5a6a3ea-39e0-440f-ac77-a5439adac416','onnx');
INSERT INTO Files(Artifact_ID,File_Type) VALUES ('c5a6a3ea-39e0-440f-ac77-a5439adac416','tokenizer');
INSERT INTO Files(Artifact_ID,File_Type) VALUES ('c5a6a3ea-39e0-440f-ac77-a5439adac416','script');
INSERT INTO Files(Artifact_ID,File_Type) VALUES ('c5a6a3ea-39e0-440f-ac77-a5439adac416','weights');
INSERT INTO Files(Artifact_ID,File_Type) VALUES ('cc6672e6-37a6-454f-bddb-c61160112841','script');
INSERT INTO Files(Artifact_ID,File_Type) VALUES ('cc6672e6-37a6-454f-bddb-c61160112841','onnx');
INSERT INTO Files(Artifact_ID,File_Type) VALUES ('75c26129-90f9-4878-bc36-326d53d54807','onnx');
INSERT INTO Files(Artifact_ID,File_Type) VALUES ('75c26129-90f9-4878-bc36-326d53d54807','checkpoint');
INSERT INTO Files(Artifact_ID,File_Type) VALUES ('75c26129-90f9-4878-bc36-326d53d54807','tokenizer');
INSERT INTO Files(Artifact_ID,File_Type) VALUES ('75c26129-90f9-4878-bc36-326d53d54807','weights');
INSERT INTO Files(Artifact_ID,File_Type) VALUES ('71b6d9fe-8e0e-437b-a9c3-9a31c2d82ece','checkpoint');
INSERT INTO Files(Artifact_ID,File_Type) VALUES ('71b6d9fe-8e0e-437b-a9c3-9a31c2d82ece','weights');
INSERT INTO Files(Artifact_ID,File_Type) VALUES ('0dd46bf3-6191-457f-9474-97527024716f','checkpoint');
INSERT INTO Files(Artifact_ID,File_Type) VALUES ('0dd46bf3-6191-457f-9474-97527024716f','log');
INSERT INTO Files(Artifact_ID,File_Type) VALUES ('0dd46bf3-6191-457f-9474-97527024716f','config');

-- ── DEPLOYMENTS ────────────────────────────────────────────
INSERT INTO Deployment(Deployment_ID,Deployed_At,Status,Retired_At,Server_Info,Environment,Model_ID,Version_Number,Compared_With) VALUES ('3088be5c-f034-4bbe-89ae-ed80bb3f4536','2023-10-08 11:35:00','Production',NULL,'on-prem-bangalore-rack2','Production','6a5eb0e4-bfc4-46a5-a1ee-d789d897d471','v1.0',NULL);
INSERT INTO Deployment(Deployment_ID,Deployed_At,Status,Retired_At,Server_Info,Environment,Model_ID,Version_Number,Compared_With) VALUES ('7799d530-69d9-4b2a-95fa-6ae731c72a63','2024-02-06 12:00:00','Retired','2024-06-20 12:00:00','azure-eastus-aks','Staging','06cd053a-9a36-4f50-8003-98ac2c2d52d5','v3.0','3088be5c-f034-4bbe-89ae-ed80bb3f4536');
INSERT INTO Deployment(Deployment_ID,Deployed_At,Status,Retired_At,Server_Info,Environment,Model_ID,Version_Number,Compared_With) VALUES ('7091d7df-8d52-4a63-8664-387370b3c1bf','2024-06-05 07:36:00','Rolled Back','2024-08-17 07:36:00','gcp-asia-south1-gke','Production','5471a3fb-b05a-4053-a6eb-be7819c70885','v3.0',NULL);
INSERT INTO Deployment(Deployment_ID,Deployed_At,Status,Retired_At,Server_Info,Environment,Model_ID,Version_Number,Compared_With) VALUES ('187a2fa4-7663-4f3c-add0-5ea6dd1063e4','2024-01-08 09:17:00','Failed',NULL,'on-prem-mumbai-rack4','Development','9a433762-d9c5-4eb0-99e6-c8ccbc848ef6','v2.0',NULL);
INSERT INTO Deployment(Deployment_ID,Deployed_At,Status,Retired_At,Server_Info,Environment,Model_ID,Version_Number,Compared_With) VALUES ('0ca6777c-d34d-45b3-ad80-8755cdbd44e5','2024-01-12 13:19:00','Failed',NULL,'gcp-asia-south1-gke','Development','9a433762-d9c5-4eb0-99e6-c8ccbc848ef6','v1.0',NULL);
INSERT INTO Deployment(Deployment_ID,Deployed_At,Status,Retired_At,Server_Info,Environment,Model_ID,Version_Number,Compared_With) VALUES ('e5754a73-270d-49c2-a0d8-b17b9ab4bfac','2024-05-03 19:39:00','Staging',NULL,'azure-centralindia-aks','Staging','3972dd80-06dd-43d8-9e30-0ef72fb99951','v1.0',NULL);
INSERT INTO Deployment(Deployment_ID,Deployed_At,Status,Retired_At,Server_Info,Environment,Model_ID,Version_Number,Compared_With) VALUES ('916929f4-4724-4c71-acfb-9f8a7dee16f4','2023-08-27 12:21:00','Rolled Back','2024-01-01 12:21:00','on-prem-mumbai-rack4','Staging','06cd053a-9a36-4f50-8003-98ac2c2d52d5','v2.0',NULL);
INSERT INTO Deployment(Deployment_ID,Deployed_At,Status,Retired_At,Server_Info,Environment,Model_ID,Version_Number,Compared_With) VALUES ('121576f4-31aa-45c4-953f-98adc0f098a0','2023-11-01 09:20:00','Rolled Back','2024-01-21 09:20:00','on-prem-mumbai-rack4','Staging','8d1aaebf-1945-4df2-ba23-878a65916daa','v1.0',NULL);
INSERT INTO Deployment(Deployment_ID,Deployed_At,Status,Retired_At,Server_Info,Environment,Model_ID,Version_Number,Compared_With) VALUES ('55450e82-dc07-4ad9-b65b-5213dd1b5b9b','2024-02-03 09:47:00','Failed',NULL,'azure-centralindia-aks','Production','d97beaa1-eb9c-4a6e-8ab5-3c8a42209b9e','v1.0','121576f4-31aa-45c4-953f-98adc0f098a0');
INSERT INTO Deployment(Deployment_ID,Deployed_At,Status,Retired_At,Server_Info,Environment,Model_ID,Version_Number,Compared_With) VALUES ('a9ce292b-cd45-45ce-bc4a-c4bd0f8a1022','2024-03-03 08:52:00','Failed',NULL,'on-prem-bangalore-rack2','Staging','bf2d8873-e584-4c03-8a07-3ab00e864a83','v2.0',NULL);
INSERT INTO Deployment(Deployment_ID,Deployed_At,Status,Retired_At,Server_Info,Environment,Model_ID,Version_Number,Compared_With) VALUES ('514b8bb5-3a0e-4dd6-8272-e5ad75bae918','2023-12-04 18:34:00','Staging',NULL,'aws-ap-south-1-k8s','Production','6e1ff507-5e06-431a-a9a0-aaf1ce92b215','v3.0','a9ce292b-cd45-45ce-bc4a-c4bd0f8a1022');
INSERT INTO Deployment(Deployment_ID,Deployed_At,Status,Retired_At,Server_Info,Environment,Model_ID,Version_Number,Compared_With) VALUES ('9195b348-f086-4ab4-aea4-21b53351b8d3','2024-04-16 22:13:00','Failed',NULL,'aws-ap-south-1-k8s','Staging','5cccd9f9-8249-4758-a0a7-8aaa916808e6','v2.0','514b8bb5-3a0e-4dd6-8272-e5ad75bae918');
INSERT INTO Deployment(Deployment_ID,Deployed_At,Status,Retired_At,Server_Info,Environment,Model_ID,Version_Number,Compared_With) VALUES ('7987d5a8-6534-4ceb-a428-2fd4bdc94fb2','2024-03-20 21:31:00','Staging',NULL,'azure-centralindia-aks','Production','6e1ff507-5e06-431a-a9a0-aaf1ce92b215','v2.0',NULL);
INSERT INTO Deployment(Deployment_ID,Deployed_At,Status,Retired_At,Server_Info,Environment,Model_ID,Version_Number,Compared_With) VALUES ('763b9a39-6230-44a1-ada3-856e84efb8e4','2023-11-10 22:27:00','Failed',NULL,'on-prem-bangalore-rack2','Development','5c5443f8-b24b-49a9-8bad-181e3f1e6dea','v2.0',NULL);
INSERT INTO Deployment(Deployment_ID,Deployed_At,Status,Retired_At,Server_Info,Environment,Model_ID,Version_Number,Compared_With) VALUES ('e148a05e-2f61-4729-a1cd-22dfd2ba9f3b','2024-04-25 18:25:00','Rolled Back','2024-10-01 18:25:00','aws-ap-south-1-k8s','Production','7527abb9-abc3-4a88-b897-a7ebe875f902','v2.0',NULL);
INSERT INTO Deployment(Deployment_ID,Deployed_At,Status,Retired_At,Server_Info,Environment,Model_ID,Version_Number,Compared_With) VALUES ('5fa66a68-d8f8-4f62-a6af-f353624d5b09','2024-02-24 22:57:00','Rolled Back','2024-04-15 22:57:00','azure-eastus-aks','Development','c6ea5c59-2059-43b1-bffd-b566a063da22','v2.0','e148a05e-2f61-4729-a1cd-22dfd2ba9f3b');
INSERT INTO Deployment(Deployment_ID,Deployed_At,Status,Retired_At,Server_Info,Environment,Model_ID,Version_Number,Compared_With) VALUES ('24204446-d353-45d4-aa0c-f90eeac7b9f4','2024-02-21 05:41:00','Rolled Back','2024-04-02 05:41:00','azure-eastus-aks','Production','7f91c1aa-1dc4-4dd3-9793-6e52cca3ad9f','v2.0','5fa66a68-d8f8-4f62-a6af-f353624d5b09');
INSERT INTO Deployment(Deployment_ID,Deployed_At,Status,Retired_At,Server_Info,Environment,Model_ID,Version_Number,Compared_With) VALUES ('26423dc8-a533-4e35-a0b2-e660c9fe5c19','2024-03-15 10:50:00','Failed',NULL,'azure-centralindia-aks','Development','8d1aaebf-1945-4df2-ba23-878a65916daa','v2.0',NULL);
INSERT INTO Deployment(Deployment_ID,Deployed_At,Status,Retired_At,Server_Info,Environment,Model_ID,Version_Number,Compared_With) VALUES ('f8395776-eab3-4030-8917-662e0867d4fe','2023-12-15 16:47:00','Rolled Back','2024-06-04 16:47:00','gcp-asia-south1-gke','Production','bf2d8873-e584-4c03-8a07-3ab00e864a83','v1.0','26423dc8-a533-4e35-a0b2-e660c9fe5c19');
INSERT INTO Deployment(Deployment_ID,Deployed_At,Status,Retired_At,Server_Info,Environment,Model_ID,Version_Number,Compared_With) VALUES ('f9c794f3-3493-46b2-8ed7-f090222c0607','2024-04-08 11:25:00','Failed',NULL,'on-prem-bangalore-rack2','Production','c6ea5c59-2059-43b1-bffd-b566a063da22','v1.0',NULL);
INSERT INTO Deployment(Deployment_ID,Deployed_At,Status,Retired_At,Server_Info,Environment,Model_ID,Version_Number,Compared_With) VALUES ('6daaf5c6-26e4-4111-a4fd-2e6018c197c0','2023-11-09 11:01:00','Failed',NULL,'aws-ap-south-1-k8s','Development','5505daad-4155-4a70-8caa-8850bc35b317','v2.0',NULL);
INSERT INTO Deployment(Deployment_ID,Deployed_At,Status,Retired_At,Server_Info,Environment,Model_ID,Version_Number,Compared_With) VALUES ('1c042252-c2f2-479b-b472-f5340611c638','2023-10-22 23:09:00','Retired','2024-02-08 23:09:00','gcp-asia-south1-gke','Staging','6e1ff507-5e06-431a-a9a0-aaf1ce92b215','v1.0',NULL);

-- ── MODEL_CREATED ──────────────────────────────────────────
INSERT INTO Model_Created(User_ID,Model_ID,Access_Level) VALUES ('5c5c6f56-6ab0-429a-8785-4fda69e0cb68','3972dd80-06dd-43d8-9e30-0ef72fb99951','Owner');
INSERT INTO Model_Created(User_ID,Model_ID,Access_Level) VALUES ('055ae609-4fc9-4fee-84db-5d8e21361372','3972dd80-06dd-43d8-9e30-0ef72fb99951','Viewer');
INSERT INTO Model_Created(User_ID,Model_ID,Access_Level) VALUES ('ad5fe1f6-ddd1-4ce5-abdc-326a4982a40c','3972dd80-06dd-43d8-9e30-0ef72fb99951','Viewer');
INSERT INTO Model_Created(User_ID,Model_ID,Access_Level) VALUES ('dfe22e6d-92ba-43eb-9da8-303d31ebe1f1','3972dd80-06dd-43d8-9e30-0ef72fb99951','Viewer');
INSERT INTO Model_Created(User_ID,Model_ID,Access_Level) VALUES ('cbf34b31-fc78-436a-a6d7-1cfa9248c912','5505daad-4155-4a70-8caa-8850bc35b317','Owner');
INSERT INTO Model_Created(User_ID,Model_ID,Access_Level) VALUES ('8f0cd434-9ac4-4acb-89cc-d8492892f14e','5505daad-4155-4a70-8caa-8850bc35b317','Editor');
INSERT INTO Model_Created(User_ID,Model_ID,Access_Level) VALUES ('c4495d27-5ef3-417a-912c-f5cbf6adca73','5505daad-4155-4a70-8caa-8850bc35b317','Viewer');
INSERT INTO Model_Created(User_ID,Model_ID,Access_Level) VALUES ('ad5fe1f6-ddd1-4ce5-abdc-326a4982a40c','9a433762-d9c5-4eb0-99e6-c8ccbc848ef6','Owner');
INSERT INTO Model_Created(User_ID,Model_ID,Access_Level) VALUES ('b5ce118d-db90-415c-958f-84be0645dea6','9a433762-d9c5-4eb0-99e6-c8ccbc848ef6','Editor');
INSERT INTO Model_Created(User_ID,Model_ID,Access_Level) VALUES ('7cab0209-d233-4b1d-b2e8-b20ed46313e0','5cccd9f9-8249-4758-a0a7-8aaa916808e6','Owner');
INSERT INTO Model_Created(User_ID,Model_ID,Access_Level) VALUES ('9023a432-6d80-4499-bfa4-627c65a45079','5cccd9f9-8249-4758-a0a7-8aaa916808e6','Viewer');
INSERT INTO Model_Created(User_ID,Model_ID,Access_Level) VALUES ('dfe22e6d-92ba-43eb-9da8-303d31ebe1f1','5c5443f8-b24b-49a9-8bad-181e3f1e6dea','Owner');
INSERT INTO Model_Created(User_ID,Model_ID,Access_Level) VALUES ('dd8155f7-c3ec-482e-9baa-96d61013621b','5c5443f8-b24b-49a9-8bad-181e3f1e6dea','Editor');
INSERT INTO Model_Created(User_ID,Model_ID,Access_Level) VALUES ('ae7940f0-34fd-4328-81b8-c993833c6e0b','c6ea5c59-2059-43b1-bffd-b566a063da22','Owner');
INSERT INTO Model_Created(User_ID,Model_ID,Access_Level) VALUES ('dd8155f7-c3ec-482e-9baa-96d61013621b','c6ea5c59-2059-43b1-bffd-b566a063da22','Editor');
INSERT INTO Model_Created(User_ID,Model_ID,Access_Level) VALUES ('8a3d1287-e9c8-46a3-8ab0-6a724a875d1d','c6ea5c59-2059-43b1-bffd-b566a063da22','Editor');
INSERT INTO Model_Created(User_ID,Model_ID,Access_Level) VALUES ('dfe22e6d-92ba-43eb-9da8-303d31ebe1f1','c6ea5c59-2059-43b1-bffd-b566a063da22','Viewer');
INSERT INTO Model_Created(User_ID,Model_ID,Access_Level) VALUES ('dd8155f7-c3ec-482e-9baa-96d61013621b','bf2d8873-e584-4c03-8a07-3ab00e864a83','Owner');
INSERT INTO Model_Created(User_ID,Model_ID,Access_Level) VALUES ('befc141b-1946-401c-8bdc-bd9e76cced1e','06cd053a-9a36-4f50-8003-98ac2c2d52d5','Owner');
INSERT INTO Model_Created(User_ID,Model_ID,Access_Level) VALUES ('8848134e-19df-4661-aada-a96d2981dac4','06cd053a-9a36-4f50-8003-98ac2c2d52d5','Editor');
INSERT INTO Model_Created(User_ID,Model_ID,Access_Level) VALUES ('4bcaa2c4-1bcb-4a8d-a67e-32976eb70349','5471a3fb-b05a-4053-a6eb-be7819c70885','Owner');
INSERT INTO Model_Created(User_ID,Model_ID,Access_Level) VALUES ('7cab0209-d233-4b1d-b2e8-b20ed46313e0','6a5eb0e4-bfc4-46a5-a1ee-d789d897d471','Owner');
INSERT INTO Model_Created(User_ID,Model_ID,Access_Level) VALUES ('055ae609-4fc9-4fee-84db-5d8e21361372','6a5eb0e4-bfc4-46a5-a1ee-d789d897d471','Viewer');
INSERT INTO Model_Created(User_ID,Model_ID,Access_Level) VALUES ('befc141b-1946-401c-8bdc-bd9e76cced1e','7527abb9-abc3-4a88-b897-a7ebe875f902','Owner');
INSERT INTO Model_Created(User_ID,Model_ID,Access_Level) VALUES ('ad5fe1f6-ddd1-4ce5-abdc-326a4982a40c','7527abb9-abc3-4a88-b897-a7ebe875f902','Viewer');
INSERT INTO Model_Created(User_ID,Model_ID,Access_Level) VALUES ('cc4892e1-86f5-44f9-bd1d-336cf17ac228','7527abb9-abc3-4a88-b897-a7ebe875f902','Viewer');
INSERT INTO Model_Created(User_ID,Model_ID,Access_Level) VALUES ('8a3d1287-e9c8-46a3-8ab0-6a724a875d1d','7527abb9-abc3-4a88-b897-a7ebe875f902','Viewer');
INSERT INTO Model_Created(User_ID,Model_ID,Access_Level) VALUES ('8a3d1287-e9c8-46a3-8ab0-6a724a875d1d','8d1aaebf-1945-4df2-ba23-878a65916daa','Owner');
INSERT INTO Model_Created(User_ID,Model_ID,Access_Level) VALUES ('4bcaa2c4-1bcb-4a8d-a67e-32976eb70349','8d1aaebf-1945-4df2-ba23-878a65916daa','Editor');
INSERT INTO Model_Created(User_ID,Model_ID,Access_Level) VALUES ('055ae609-4fc9-4fee-84db-5d8e21361372','8d1aaebf-1945-4df2-ba23-878a65916daa','Viewer');
INSERT INTO Model_Created(User_ID,Model_ID,Access_Level) VALUES ('dfe22e6d-92ba-43eb-9da8-303d31ebe1f1','8d1aaebf-1945-4df2-ba23-878a65916daa','Editor');
INSERT INTO Model_Created(User_ID,Model_ID,Access_Level) VALUES ('a39b18dc-e434-4243-b8c5-aea132c8c055','091a2261-2844-48b8-86a5-d6037cdc388a','Owner');
INSERT INTO Model_Created(User_ID,Model_ID,Access_Level) VALUES ('c3316e10-ad80-440d-a70c-fee638034f18','06be3208-a1d4-4460-b9de-69ded96fff1e','Owner');
INSERT INTO Model_Created(User_ID,Model_ID,Access_Level) VALUES ('ad5fe1f6-ddd1-4ce5-abdc-326a4982a40c','06be3208-a1d4-4460-b9de-69ded96fff1e','Editor');
INSERT INTO Model_Created(User_ID,Model_ID,Access_Level) VALUES ('a39b18dc-e434-4243-b8c5-aea132c8c055','06be3208-a1d4-4460-b9de-69ded96fff1e','Editor');
INSERT INTO Model_Created(User_ID,Model_ID,Access_Level) VALUES ('ae7940f0-34fd-4328-81b8-c993833c6e0b','7f91c1aa-1dc4-4dd3-9793-6e52cca3ad9f','Owner');
INSERT INTO Model_Created(User_ID,Model_ID,Access_Level) VALUES ('c3316e10-ad80-440d-a70c-fee638034f18','7f91c1aa-1dc4-4dd3-9793-6e52cca3ad9f','Viewer');
INSERT INTO Model_Created(User_ID,Model_ID,Access_Level) VALUES ('d19bbae4-5219-49d9-b22f-71fdee48bf32','7f91c1aa-1dc4-4dd3-9793-6e52cca3ad9f','Editor');
INSERT INTO Model_Created(User_ID,Model_ID,Access_Level) VALUES ('4bcaa2c4-1bcb-4a8d-a67e-32976eb70349','28085580-f25c-4be6-b1e4-52b2b1d3d683','Owner');
INSERT INTO Model_Created(User_ID,Model_ID,Access_Level) VALUES ('d19bbae4-5219-49d9-b22f-71fdee48bf32','28085580-f25c-4be6-b1e4-52b2b1d3d683','Editor');
INSERT INTO Model_Created(User_ID,Model_ID,Access_Level) VALUES ('cc4892e1-86f5-44f9-bd1d-336cf17ac228','28085580-f25c-4be6-b1e4-52b2b1d3d683','Editor');
INSERT INTO Model_Created(User_ID,Model_ID,Access_Level) VALUES ('7cab0209-d233-4b1d-b2e8-b20ed46313e0','28085580-f25c-4be6-b1e4-52b2b1d3d683','Editor');
INSERT INTO Model_Created(User_ID,Model_ID,Access_Level) VALUES ('cc4892e1-86f5-44f9-bd1d-336cf17ac228','6e1ff507-5e06-431a-a9a0-aaf1ce92b215','Owner');
INSERT INTO Model_Created(User_ID,Model_ID,Access_Level) VALUES ('c3316e10-ad80-440d-a70c-fee638034f18','6e1ff507-5e06-431a-a9a0-aaf1ce92b215','Editor');
INSERT INTO Model_Created(User_ID,Model_ID,Access_Level) VALUES ('9023a432-6d80-4499-bfa4-627c65a45079','6e1ff507-5e06-431a-a9a0-aaf1ce92b215','Viewer');
INSERT INTO Model_Created(User_ID,Model_ID,Access_Level) VALUES ('8a3d1287-e9c8-46a3-8ab0-6a724a875d1d','d97beaa1-eb9c-4a6e-8ab5-3c8a42209b9e','Owner');

-- ── REGISTERS ──────────────────────────────────────────────
INSERT INTO Registers(User_ID,Dataset_ID,Contribution_Type) VALUES ('055ae609-4fc9-4fee-84db-5d8e21361372','86fb760b-18a6-43d0-9c48-b6a45f393409','Creator');
INSERT INTO Registers(User_ID,Dataset_ID,Contribution_Type) VALUES ('cc4892e1-86f5-44f9-bd1d-336cf17ac228','9fec595f-a45f-45e0-8e1a-74639be0ddca','Creator');
INSERT INTO Registers(User_ID,Dataset_ID,Contribution_Type) VALUES ('befc141b-1946-401c-8bdc-bd9e76cced1e','f3209a9d-fda3-435f-b901-be88128ff77c','Creator');
INSERT INTO Registers(User_ID,Dataset_ID,Contribution_Type) VALUES ('7cab0209-d233-4b1d-b2e8-b20ed46313e0','f3209a9d-fda3-435f-b901-be88128ff77c','Reviewer');
INSERT INTO Registers(User_ID,Dataset_ID,Contribution_Type) VALUES ('cc4892e1-86f5-44f9-bd1d-336cf17ac228','31579264-50b8-40c0-a0c8-6616fdaba1e7','Creator');
INSERT INTO Registers(User_ID,Dataset_ID,Contribution_Type) VALUES ('d19bbae4-5219-49d9-b22f-71fdee48bf32','444e4296-905b-449a-b78c-b3dd9dec0bee','Creator');
INSERT INTO Registers(User_ID,Dataset_ID,Contribution_Type) VALUES ('dfe22e6d-92ba-43eb-9da8-303d31ebe1f1','444e4296-905b-449a-b78c-b3dd9dec0bee','Annotator');
INSERT INTO Registers(User_ID,Dataset_ID,Contribution_Type) VALUES ('ae7940f0-34fd-4328-81b8-c993833c6e0b','444e4296-905b-449a-b78c-b3dd9dec0bee','Curator');
INSERT INTO Registers(User_ID,Dataset_ID,Contribution_Type) VALUES ('4bcaa2c4-1bcb-4a8d-a67e-32976eb70349','63df9178-8c5e-417a-b53b-9e794beb8dd2','Creator');
INSERT INTO Registers(User_ID,Dataset_ID,Contribution_Type) VALUES ('b5ce118d-db90-415c-958f-84be0645dea6','37a6d4d7-2be1-4b10-983a-83d9befde9b2','Creator');
INSERT INTO Registers(User_ID,Dataset_ID,Contribution_Type) VALUES ('8f0cd434-9ac4-4acb-89cc-d8492892f14e','37a6d4d7-2be1-4b10-983a-83d9befde9b2','Annotator');
INSERT INTO Registers(User_ID,Dataset_ID,Contribution_Type) VALUES ('b5ce118d-db90-415c-958f-84be0645dea6','cdd458b6-03fb-4854-a3d9-6281b64f499a','Creator');
INSERT INTO Registers(User_ID,Dataset_ID,Contribution_Type) VALUES ('a39b18dc-e434-4243-b8c5-aea132c8c055','cdd458b6-03fb-4854-a3d9-6281b64f499a','Curator');
INSERT INTO Registers(User_ID,Dataset_ID,Contribution_Type) VALUES ('dfe22e6d-92ba-43eb-9da8-303d31ebe1f1','cdd458b6-03fb-4854-a3d9-6281b64f499a','Reviewer');
INSERT INTO Registers(User_ID,Dataset_ID,Contribution_Type) VALUES ('cc4892e1-86f5-44f9-bd1d-336cf17ac228','0fd186d5-4da1-490a-8a79-b79bfd65f411','Creator');
INSERT INTO Registers(User_ID,Dataset_ID,Contribution_Type) VALUES ('5c5c6f56-6ab0-429a-8785-4fda69e0cb68','0fd186d5-4da1-490a-8a79-b79bfd65f411','Curator');
INSERT INTO Registers(User_ID,Dataset_ID,Contribution_Type) VALUES ('4bcaa2c4-1bcb-4a8d-a67e-32976eb70349','0fd186d5-4da1-490a-8a79-b79bfd65f411','Curator');
INSERT INTO Registers(User_ID,Dataset_ID,Contribution_Type) VALUES ('8848134e-19df-4661-aada-a96d2981dac4','14811ef7-3374-4879-aa00-993c0a0eb247','Creator');
INSERT INTO Registers(User_ID,Dataset_ID,Contribution_Type) VALUES ('055ae609-4fc9-4fee-84db-5d8e21361372','14811ef7-3374-4879-aa00-993c0a0eb247','Reviewer');
INSERT INTO Registers(User_ID,Dataset_ID,Contribution_Type) VALUES ('8f0cd434-9ac4-4acb-89cc-d8492892f14e','14811ef7-3374-4879-aa00-993c0a0eb247','Reviewer');
INSERT INTO Registers(User_ID,Dataset_ID,Contribution_Type) VALUES ('dfe22e6d-92ba-43eb-9da8-303d31ebe1f1','05f61ede-a3c8-4077-a72d-b54dcd6da337','Creator');
INSERT INTO Registers(User_ID,Dataset_ID,Contribution_Type) VALUES ('befc141b-1946-401c-8bdc-bd9e76cced1e','05f61ede-a3c8-4077-a72d-b54dcd6da337','Annotator');
INSERT INTO Registers(User_ID,Dataset_ID,Contribution_Type) VALUES ('ad5fe1f6-ddd1-4ce5-abdc-326a4982a40c','05f61ede-a3c8-4077-a72d-b54dcd6da337','Reviewer');
INSERT INTO Registers(User_ID,Dataset_ID,Contribution_Type) VALUES ('b5ce118d-db90-415c-958f-84be0645dea6','2c7aeead-a0fd-4ee5-a81b-89f869f2d7de','Creator');
INSERT INTO Registers(User_ID,Dataset_ID,Contribution_Type) VALUES ('8f0cd434-9ac4-4acb-89cc-d8492892f14e','2c7aeead-a0fd-4ee5-a81b-89f869f2d7de','Annotator');
INSERT INTO Registers(User_ID,Dataset_ID,Contribution_Type) VALUES ('8848134e-19df-4661-aada-a96d2981dac4','926b90a9-4ca9-4192-b8dc-04e7c2534fcd','Creator');
INSERT INTO Registers(User_ID,Dataset_ID,Contribution_Type) VALUES ('cbf34b31-fc78-436a-a6d7-1cfa9248c912','926b90a9-4ca9-4192-b8dc-04e7c2534fcd','Annotator');
INSERT INTO Registers(User_ID,Dataset_ID,Contribution_Type) VALUES ('ad5fe1f6-ddd1-4ce5-abdc-326a4982a40c','f8037821-5db6-4f36-a1be-d7171c9ac615','Creator');
INSERT INTO Registers(User_ID,Dataset_ID,Contribution_Type) VALUES ('befc141b-1946-401c-8bdc-bd9e76cced1e','dedfd071-fc3f-4649-96f1-f5045678e19e','Creator');
INSERT INTO Registers(User_ID,Dataset_ID,Contribution_Type) VALUES ('4bcaa2c4-1bcb-4a8d-a67e-32976eb70349','dedfd071-fc3f-4649-96f1-f5045678e19e','Reviewer');
INSERT INTO Registers(User_ID,Dataset_ID,Contribution_Type) VALUES ('055ae609-4fc9-4fee-84db-5d8e21361372','dedfd071-fc3f-4649-96f1-f5045678e19e','Reviewer');

-- ── DEPLOYS ────────────────────────────────────────────────
INSERT INTO Deploys(Deployment_ID,User_ID,Deployment_Role) VALUES ('3088be5c-f034-4bbe-89ae-ed80bb3f4536','8a3d1287-e9c8-46a3-8ab0-6a724a875d1d','Owner');
INSERT INTO Deploys(Deployment_ID,User_ID,Deployment_Role) VALUES ('3088be5c-f034-4bbe-89ae-ed80bb3f4536','d19bbae4-5219-49d9-b22f-71fdee48bf32','Operator');
INSERT INTO Deploys(Deployment_ID,User_ID,Deployment_Role) VALUES ('7799d530-69d9-4b2a-95fa-6ae731c72a63','c3316e10-ad80-440d-a70c-fee638034f18','Owner');
INSERT INTO Deploys(Deployment_ID,User_ID,Deployment_Role) VALUES ('7091d7df-8d52-4a63-8664-387370b3c1bf','befc141b-1946-401c-8bdc-bd9e76cced1e','Owner');
INSERT INTO Deploys(Deployment_ID,User_ID,Deployment_Role) VALUES ('187a2fa4-7663-4f3c-add0-5ea6dd1063e4','4bcaa2c4-1bcb-4a8d-a67e-32976eb70349','Owner');
INSERT INTO Deploys(Deployment_ID,User_ID,Deployment_Role) VALUES ('187a2fa4-7663-4f3c-add0-5ea6dd1063e4','7cab0209-d233-4b1d-b2e8-b20ed46313e0','Observer');
INSERT INTO Deploys(Deployment_ID,User_ID,Deployment_Role) VALUES ('0ca6777c-d34d-45b3-ad80-8755cdbd44e5','8a3d1287-e9c8-46a3-8ab0-6a724a875d1d','Owner');
INSERT INTO Deploys(Deployment_ID,User_ID,Deployment_Role) VALUES ('0ca6777c-d34d-45b3-ad80-8755cdbd44e5','ae7940f0-34fd-4328-81b8-c993833c6e0b','Observer');
INSERT INTO Deploys(Deployment_ID,User_ID,Deployment_Role) VALUES ('0ca6777c-d34d-45b3-ad80-8755cdbd44e5','a39b18dc-e434-4243-b8c5-aea132c8c055','Observer');
INSERT INTO Deploys(Deployment_ID,User_ID,Deployment_Role) VALUES ('e5754a73-270d-49c2-a0d8-b17b9ab4bfac','4bcaa2c4-1bcb-4a8d-a67e-32976eb70349','Owner');
INSERT INTO Deploys(Deployment_ID,User_ID,Deployment_Role) VALUES ('e5754a73-270d-49c2-a0d8-b17b9ab4bfac','5c5c6f56-6ab0-429a-8785-4fda69e0cb68','Operator');
INSERT INTO Deploys(Deployment_ID,User_ID,Deployment_Role) VALUES ('916929f4-4724-4c71-acfb-9f8a7dee16f4','c3316e10-ad80-440d-a70c-fee638034f18','Owner');
INSERT INTO Deploys(Deployment_ID,User_ID,Deployment_Role) VALUES ('916929f4-4724-4c71-acfb-9f8a7dee16f4','8f0cd434-9ac4-4acb-89cc-d8492892f14e','Observer');
INSERT INTO Deploys(Deployment_ID,User_ID,Deployment_Role) VALUES ('121576f4-31aa-45c4-953f-98adc0f098a0','c3316e10-ad80-440d-a70c-fee638034f18','Owner');
INSERT INTO Deploys(Deployment_ID,User_ID,Deployment_Role) VALUES ('121576f4-31aa-45c4-953f-98adc0f098a0','b5ce118d-db90-415c-958f-84be0645dea6','Operator');
INSERT INTO Deploys(Deployment_ID,User_ID,Deployment_Role) VALUES ('55450e82-dc07-4ad9-b65b-5213dd1b5b9b','9023a432-6d80-4499-bfa4-627c65a45079','Owner');
INSERT INTO Deploys(Deployment_ID,User_ID,Deployment_Role) VALUES ('a9ce292b-cd45-45ce-bc4a-c4bd0f8a1022','dd8155f7-c3ec-482e-9baa-96d61013621b','Owner');
INSERT INTO Deploys(Deployment_ID,User_ID,Deployment_Role) VALUES ('a9ce292b-cd45-45ce-bc4a-c4bd0f8a1022','c3316e10-ad80-440d-a70c-fee638034f18','Observer');
INSERT INTO Deploys(Deployment_ID,User_ID,Deployment_Role) VALUES ('514b8bb5-3a0e-4dd6-8272-e5ad75bae918','d19bbae4-5219-49d9-b22f-71fdee48bf32','Owner');
INSERT INTO Deploys(Deployment_ID,User_ID,Deployment_Role) VALUES ('514b8bb5-3a0e-4dd6-8272-e5ad75bae918','dfe22e6d-92ba-43eb-9da8-303d31ebe1f1','Operator');
INSERT INTO Deploys(Deployment_ID,User_ID,Deployment_Role) VALUES ('9195b348-f086-4ab4-aea4-21b53351b8d3','cbf34b31-fc78-436a-a6d7-1cfa9248c912','Owner');
INSERT INTO Deploys(Deployment_ID,User_ID,Deployment_Role) VALUES ('9195b348-f086-4ab4-aea4-21b53351b8d3','5c5c6f56-6ab0-429a-8785-4fda69e0cb68','Observer');
INSERT INTO Deploys(Deployment_ID,User_ID,Deployment_Role) VALUES ('7987d5a8-6534-4ceb-a428-2fd4bdc94fb2','055ae609-4fc9-4fee-84db-5d8e21361372','Owner');
INSERT INTO Deploys(Deployment_ID,User_ID,Deployment_Role) VALUES ('7987d5a8-6534-4ceb-a428-2fd4bdc94fb2','cc4892e1-86f5-44f9-bd1d-336cf17ac228','Observer');
INSERT INTO Deploys(Deployment_ID,User_ID,Deployment_Role) VALUES ('763b9a39-6230-44a1-ada3-856e84efb8e4','4bcaa2c4-1bcb-4a8d-a67e-32976eb70349','Owner');
INSERT INTO Deploys(Deployment_ID,User_ID,Deployment_Role) VALUES ('e148a05e-2f61-4729-a1cd-22dfd2ba9f3b','cbf34b31-fc78-436a-a6d7-1cfa9248c912','Owner');
INSERT INTO Deploys(Deployment_ID,User_ID,Deployment_Role) VALUES ('e148a05e-2f61-4729-a1cd-22dfd2ba9f3b','dfe22e6d-92ba-43eb-9da8-303d31ebe1f1','Observer');
INSERT INTO Deploys(Deployment_ID,User_ID,Deployment_Role) VALUES ('5fa66a68-d8f8-4f62-a6af-f353624d5b09','7cab0209-d233-4b1d-b2e8-b20ed46313e0','Owner');
INSERT INTO Deploys(Deployment_ID,User_ID,Deployment_Role) VALUES ('5fa66a68-d8f8-4f62-a6af-f353624d5b09','befc141b-1946-401c-8bdc-bd9e76cced1e','Observer');
INSERT INTO Deploys(Deployment_ID,User_ID,Deployment_Role) VALUES ('24204446-d353-45d4-aa0c-f90eeac7b9f4','befc141b-1946-401c-8bdc-bd9e76cced1e','Owner');
INSERT INTO Deploys(Deployment_ID,User_ID,Deployment_Role) VALUES ('24204446-d353-45d4-aa0c-f90eeac7b9f4','8848134e-19df-4661-aada-a96d2981dac4','Observer');
INSERT INTO Deploys(Deployment_ID,User_ID,Deployment_Role) VALUES ('26423dc8-a533-4e35-a0b2-e660c9fe5c19','a39b18dc-e434-4243-b8c5-aea132c8c055','Owner');
INSERT INTO Deploys(Deployment_ID,User_ID,Deployment_Role) VALUES ('26423dc8-a533-4e35-a0b2-e660c9fe5c19','7cab0209-d233-4b1d-b2e8-b20ed46313e0','Operator');
INSERT INTO Deploys(Deployment_ID,User_ID,Deployment_Role) VALUES ('f8395776-eab3-4030-8917-662e0867d4fe','4bcaa2c4-1bcb-4a8d-a67e-32976eb70349','Owner');
INSERT INTO Deploys(Deployment_ID,User_ID,Deployment_Role) VALUES ('f8395776-eab3-4030-8917-662e0867d4fe','9023a432-6d80-4499-bfa4-627c65a45079','Operator');
INSERT INTO Deploys(Deployment_ID,User_ID,Deployment_Role) VALUES ('f9c794f3-3493-46b2-8ed7-f090222c0607','8f0cd434-9ac4-4acb-89cc-d8492892f14e','Owner');
INSERT INTO Deploys(Deployment_ID,User_ID,Deployment_Role) VALUES ('6daaf5c6-26e4-4111-a4fd-2e6018c197c0','dfe22e6d-92ba-43eb-9da8-303d31ebe1f1','Owner');
INSERT INTO Deploys(Deployment_ID,User_ID,Deployment_Role) VALUES ('1c042252-c2f2-479b-b472-f5340611c638','ad5fe1f6-ddd1-4ce5-abdc-326a4982a40c','Owner');

-- ── DATASET_USED ───────────────────────────────────────────
INSERT INTO Dataset_Used(Run_ID,Dataset_ID,Version_No,Split_Type) VALUES ('4e14450e-59c6-485a-8e16-48cd36bc4d75','cdd458b6-03fb-4854-a3d9-6281b64f499a','v2.0','Validation');
INSERT INTO Dataset_Used(Run_ID,Dataset_ID,Version_No,Split_Type) VALUES ('4e14450e-59c6-485a-8e16-48cd36bc4d75','86fb760b-18a6-43d0-9c48-b6a45f393409','v1.0','Train');
INSERT INTO Dataset_Used(Run_ID,Dataset_ID,Version_No,Split_Type) VALUES ('927fcbab-e98b-4327-a72a-367049056c80','f3209a9d-fda3-435f-b901-be88128ff77c','v2.0','Train');
INSERT INTO Dataset_Used(Run_ID,Dataset_ID,Version_No,Split_Type) VALUES ('927fcbab-e98b-4327-a72a-367049056c80','05f61ede-a3c8-4077-a72d-b54dcd6da337','v1.0','Validation');
INSERT INTO Dataset_Used(Run_ID,Dataset_ID,Version_No,Split_Type) VALUES ('927fcbab-e98b-4327-a72a-367049056c80','63df9178-8c5e-417a-b53b-9e794beb8dd2','v2.0','Test');
INSERT INTO Dataset_Used(Run_ID,Dataset_ID,Version_No,Split_Type) VALUES ('e6a48003-34ae-47ab-8ffd-1718eac2f9f1','37a6d4d7-2be1-4b10-983a-83d9befde9b2','v2.0','Validation');
INSERT INTO Dataset_Used(Run_ID,Dataset_ID,Version_No,Split_Type) VALUES ('e6a48003-34ae-47ab-8ffd-1718eac2f9f1','63df9178-8c5e-417a-b53b-9e794beb8dd2','v1.0','Train');
INSERT INTO Dataset_Used(Run_ID,Dataset_ID,Version_No,Split_Type) VALUES ('e6a48003-34ae-47ab-8ffd-1718eac2f9f1','9fec595f-a45f-45e0-8e1a-74639be0ddca','v1.0','Test');
INSERT INTO Dataset_Used(Run_ID,Dataset_ID,Version_No,Split_Type) VALUES ('01e5fb80-2253-45d1-a0ba-c52e526781f9','05f61ede-a3c8-4077-a72d-b54dcd6da337','v1.0','Test');
INSERT INTO Dataset_Used(Run_ID,Dataset_ID,Version_No,Split_Type) VALUES ('01e5fb80-2253-45d1-a0ba-c52e526781f9','63df9178-8c5e-417a-b53b-9e794beb8dd2','v2.0','Train');
INSERT INTO Dataset_Used(Run_ID,Dataset_ID,Version_No,Split_Type) VALUES ('cae8b1de-b975-41f3-aaa0-f96e68a4af00','05f61ede-a3c8-4077-a72d-b54dcd6da337','v1.0','Test');
INSERT INTO Dataset_Used(Run_ID,Dataset_ID,Version_No,Split_Type) VALUES ('cae8b1de-b975-41f3-aaa0-f96e68a4af00','9fec595f-a45f-45e0-8e1a-74639be0ddca','v1.0','Train');
INSERT INTO Dataset_Used(Run_ID,Dataset_ID,Version_No,Split_Type) VALUES ('1bf48636-6274-483d-abe0-4bfd4aeb4a9e','444e4296-905b-449a-b78c-b3dd9dec0bee','v1.0','Validation');
INSERT INTO Dataset_Used(Run_ID,Dataset_ID,Version_No,Split_Type) VALUES ('da4a7902-4e12-4246-b75d-c683fa0f45e1','f3209a9d-fda3-435f-b901-be88128ff77c','v2.0','Test');
INSERT INTO Dataset_Used(Run_ID,Dataset_ID,Version_No,Split_Type) VALUES ('b3f37145-ff99-41bd-b2ac-8747a50bafc3','0fd186d5-4da1-490a-8a79-b79bfd65f411','v1.0','Test');
INSERT INTO Dataset_Used(Run_ID,Dataset_ID,Version_No,Split_Type) VALUES ('2cdf1d49-5c87-4cd3-b932-3af389d58e9a','86fb760b-18a6-43d0-9c48-b6a45f393409','v1.0','Validation');
INSERT INTO Dataset_Used(Run_ID,Dataset_ID,Version_No,Split_Type) VALUES ('2cdf1d49-5c87-4cd3-b932-3af389d58e9a','05f61ede-a3c8-4077-a72d-b54dcd6da337','v3.0','Train');
INSERT INTO Dataset_Used(Run_ID,Dataset_ID,Version_No,Split_Type) VALUES ('350339d0-5bec-4546-bd24-19f26c43e41c','05f61ede-a3c8-4077-a72d-b54dcd6da337','v3.0','Validation');
INSERT INTO Dataset_Used(Run_ID,Dataset_ID,Version_No,Split_Type) VALUES ('350339d0-5bec-4546-bd24-19f26c43e41c','f3209a9d-fda3-435f-b901-be88128ff77c','v2.0','Train');
INSERT INTO Dataset_Used(Run_ID,Dataset_ID,Version_No,Split_Type) VALUES ('1ca0e4ba-89f2-4af5-8b7c-994cdb8a6ac5','37a6d4d7-2be1-4b10-983a-83d9befde9b2','v3.0','Train');
INSERT INTO Dataset_Used(Run_ID,Dataset_ID,Version_No,Split_Type) VALUES ('2227889b-dd58-4e2c-bb7e-082b73f6e364','f8037821-5db6-4f36-a1be-d7171c9ac615','v1.0','Validation');
INSERT INTO Dataset_Used(Run_ID,Dataset_ID,Version_No,Split_Type) VALUES ('2227889b-dd58-4e2c-bb7e-082b73f6e364','f3209a9d-fda3-435f-b901-be88128ff77c','v1.0','Test');
INSERT INTO Dataset_Used(Run_ID,Dataset_ID,Version_No,Split_Type) VALUES ('2227889b-dd58-4e2c-bb7e-082b73f6e364','37a6d4d7-2be1-4b10-983a-83d9befde9b2','v1.0','Train');
INSERT INTO Dataset_Used(Run_ID,Dataset_ID,Version_No,Split_Type) VALUES ('c84bd95d-cc9d-4855-8e17-1628cea3d7d8','926b90a9-4ca9-4192-b8dc-04e7c2534fcd','v1.0','Train');
INSERT INTO Dataset_Used(Run_ID,Dataset_ID,Version_No,Split_Type) VALUES ('c84bd95d-cc9d-4855-8e17-1628cea3d7d8','f8037821-5db6-4f36-a1be-d7171c9ac615','v2.0','Test');
INSERT INTO Dataset_Used(Run_ID,Dataset_ID,Version_No,Split_Type) VALUES ('e458dadc-46c6-4987-a7e6-eed107da2a13','0fd186d5-4da1-490a-8a79-b79bfd65f411','v1.0','Test');
INSERT INTO Dataset_Used(Run_ID,Dataset_ID,Version_No,Split_Type) VALUES ('d1f1d166-4b56-4f46-ba72-8bec4c83f4b0','14811ef7-3374-4879-aa00-993c0a0eb247','v2.0','Test');
INSERT INTO Dataset_Used(Run_ID,Dataset_ID,Version_No,Split_Type) VALUES ('3cb038e2-1aa4-4aef-ba1a-d0b564b24096','cdd458b6-03fb-4854-a3d9-6281b64f499a','v2.0','Validation');
INSERT INTO Dataset_Used(Run_ID,Dataset_ID,Version_No,Split_Type) VALUES ('5087ae8c-c581-4c1c-9a72-eb1dcbc74cd6','444e4296-905b-449a-b78c-b3dd9dec0bee','v1.0','Train');
INSERT INTO Dataset_Used(Run_ID,Dataset_ID,Version_No,Split_Type) VALUES ('5087ae8c-c581-4c1c-9a72-eb1dcbc74cd6','05f61ede-a3c8-4077-a72d-b54dcd6da337','v1.0','Validation');
INSERT INTO Dataset_Used(Run_ID,Dataset_ID,Version_No,Split_Type) VALUES ('5087ae8c-c581-4c1c-9a72-eb1dcbc74cd6','2c7aeead-a0fd-4ee5-a81b-89f869f2d7de','v1.0','Test');
INSERT INTO Dataset_Used(Run_ID,Dataset_ID,Version_No,Split_Type) VALUES ('f73fdeb0-76ae-4af6-bc4c-d9731649eb91','9fec595f-a45f-45e0-8e1a-74639be0ddca','v1.0','Train');
INSERT INTO Dataset_Used(Run_ID,Dataset_ID,Version_No,Split_Type) VALUES ('03bcd213-26f7-477c-8061-546a9dc5fd0c','926b90a9-4ca9-4192-b8dc-04e7c2534fcd','v1.0','Train');
INSERT INTO Dataset_Used(Run_ID,Dataset_ID,Version_No,Split_Type) VALUES ('7249cf38-1a69-4e00-a781-295042041a6a','2c7aeead-a0fd-4ee5-a81b-89f869f2d7de','v1.0','Validation');
INSERT INTO Dataset_Used(Run_ID,Dataset_ID,Version_No,Split_Type) VALUES ('7249cf38-1a69-4e00-a781-295042041a6a','37a6d4d7-2be1-4b10-983a-83d9befde9b2','v3.0','Test');
INSERT INTO Dataset_Used(Run_ID,Dataset_ID,Version_No,Split_Type) VALUES ('7249cf38-1a69-4e00-a781-295042041a6a','37a6d4d7-2be1-4b10-983a-83d9befde9b2','v2.0','Train');
INSERT INTO Dataset_Used(Run_ID,Dataset_ID,Version_No,Split_Type) VALUES ('14a85f7a-8cdf-4608-8084-fbc98654333b','63df9178-8c5e-417a-b53b-9e794beb8dd2','v1.0','Test');
INSERT INTO Dataset_Used(Run_ID,Dataset_ID,Version_No,Split_Type) VALUES ('9045bd09-8c7a-4e2e-aabd-6479b3d994b3','444e4296-905b-449a-b78c-b3dd9dec0bee','v2.0','Test');
INSERT INTO Dataset_Used(Run_ID,Dataset_ID,Version_No,Split_Type) VALUES ('aa3d47a0-2b28-47a2-bdb8-c157bbc0b0b3','14811ef7-3374-4879-aa00-993c0a0eb247','v2.0','Test');
INSERT INTO Dataset_Used(Run_ID,Dataset_ID,Version_No,Split_Type) VALUES ('aa3d47a0-2b28-47a2-bdb8-c157bbc0b0b3','2c7aeead-a0fd-4ee5-a81b-89f869f2d7de','v1.0','Train');
INSERT INTO Dataset_Used(Run_ID,Dataset_ID,Version_No,Split_Type) VALUES ('aa3d47a0-2b28-47a2-bdb8-c157bbc0b0b3','63df9178-8c5e-417a-b53b-9e794beb8dd2','v2.0','Validation');
INSERT INTO Dataset_Used(Run_ID,Dataset_ID,Version_No,Split_Type) VALUES ('abc9ea01-4539-42c8-af89-b042bf59e3ff','0fd186d5-4da1-490a-8a79-b79bfd65f411','v1.0','Test');
INSERT INTO Dataset_Used(Run_ID,Dataset_ID,Version_No,Split_Type) VALUES ('1b2586d4-7cbb-467d-a57a-572667bc67a5','444e4296-905b-449a-b78c-b3dd9dec0bee','v1.0','Validation');
INSERT INTO Dataset_Used(Run_ID,Dataset_ID,Version_No,Split_Type) VALUES ('1b2586d4-7cbb-467d-a57a-572667bc67a5','2c7aeead-a0fd-4ee5-a81b-89f869f2d7de','v1.0','Train');
INSERT INTO Dataset_Used(Run_ID,Dataset_ID,Version_No,Split_Type) VALUES ('1b2586d4-7cbb-467d-a57a-572667bc67a5','37a6d4d7-2be1-4b10-983a-83d9befde9b2','v3.0','Test');
INSERT INTO Dataset_Used(Run_ID,Dataset_ID,Version_No,Split_Type) VALUES ('c245e3bb-e03b-46fe-8b7b-2d67e2c8a65a','37a6d4d7-2be1-4b10-983a-83d9befde9b2','v3.0','Train');
INSERT INTO Dataset_Used(Run_ID,Dataset_ID,Version_No,Split_Type) VALUES ('c245e3bb-e03b-46fe-8b7b-2d67e2c8a65a','f3209a9d-fda3-435f-b901-be88128ff77c','v1.0','Validation');
INSERT INTO Dataset_Used(Run_ID,Dataset_ID,Version_No,Split_Type) VALUES ('b55252c1-b24e-4c11-9055-b4da0ee64127','14811ef7-3374-4879-aa00-993c0a0eb247','v2.0','Train');
INSERT INTO Dataset_Used(Run_ID,Dataset_ID,Version_No,Split_Type) VALUES ('b55252c1-b24e-4c11-9055-b4da0ee64127','9fec595f-a45f-45e0-8e1a-74639be0ddca','v1.0','Validation');
INSERT INTO Dataset_Used(Run_ID,Dataset_ID,Version_No,Split_Type) VALUES ('b55252c1-b24e-4c11-9055-b4da0ee64127','0fd186d5-4da1-490a-8a79-b79bfd65f411','v1.0','Test');
INSERT INTO Dataset_Used(Run_ID,Dataset_ID,Version_No,Split_Type) VALUES ('42e691cc-a197-4cbe-a471-5072bb596180','37a6d4d7-2be1-4b10-983a-83d9befde9b2','v3.0','Test');
INSERT INTO Dataset_Used(Run_ID,Dataset_ID,Version_No,Split_Type) VALUES ('2a50ddb8-bbce-485b-8d0e-f4d3edcd0a9d','37a6d4d7-2be1-4b10-983a-83d9befde9b2','v2.0','Test');
INSERT INTO Dataset_Used(Run_ID,Dataset_ID,Version_No,Split_Type) VALUES ('2a50ddb8-bbce-485b-8d0e-f4d3edcd0a9d','0fd186d5-4da1-490a-8a79-b79bfd65f411','v2.0','Train');
INSERT INTO Dataset_Used(Run_ID,Dataset_ID,Version_No,Split_Type) VALUES ('976a27a7-d8de-4c63-b72d-887d2312112b','926b90a9-4ca9-4192-b8dc-04e7c2534fcd','v1.0','Train');
INSERT INTO Dataset_Used(Run_ID,Dataset_ID,Version_No,Split_Type) VALUES ('976a27a7-d8de-4c63-b72d-887d2312112b','9fec595f-a45f-45e0-8e1a-74639be0ddca','v1.0','Test');
INSERT INTO Dataset_Used(Run_ID,Dataset_ID,Version_No,Split_Type) VALUES ('f45a4360-102c-4ecb-91fc-231316e163ac','63df9178-8c5e-417a-b53b-9e794beb8dd2','v1.0','Train');
INSERT INTO Dataset_Used(Run_ID,Dataset_ID,Version_No,Split_Type) VALUES ('11ca24b5-efa8-4c30-a5b2-1a36492a9e6f','86fb760b-18a6-43d0-9c48-b6a45f393409','v2.0','Validation');
INSERT INTO Dataset_Used(Run_ID,Dataset_ID,Version_No,Split_Type) VALUES ('af028465-9013-47d2-950d-468f481d7e31','63df9178-8c5e-417a-b53b-9e794beb8dd2','v2.0','Test');
INSERT INTO Dataset_Used(Run_ID,Dataset_ID,Version_No,Split_Type) VALUES ('af028465-9013-47d2-950d-468f481d7e31','05f61ede-a3c8-4077-a72d-b54dcd6da337','v1.0','Validation');
INSERT INTO Dataset_Used(Run_ID,Dataset_ID,Version_No,Split_Type) VALUES ('af028465-9013-47d2-950d-468f481d7e31','05f61ede-a3c8-4077-a72d-b54dcd6da337','v3.0','Train');
INSERT INTO Dataset_Used(Run_ID,Dataset_ID,Version_No,Split_Type) VALUES ('1fd0ed17-09c5-46e2-af1b-720bf0237f8f','37a6d4d7-2be1-4b10-983a-83d9befde9b2','v3.0','Test');
INSERT INTO Dataset_Used(Run_ID,Dataset_ID,Version_No,Split_Type) VALUES ('1fd0ed17-09c5-46e2-af1b-720bf0237f8f','9fec595f-a45f-45e0-8e1a-74639be0ddca','v1.0','Train');
INSERT INTO Dataset_Used(Run_ID,Dataset_ID,Version_No,Split_Type) VALUES ('1fd0ed17-09c5-46e2-af1b-720bf0237f8f','05f61ede-a3c8-4077-a72d-b54dcd6da337','v1.0','Validation');
INSERT INTO Dataset_Used(Run_ID,Dataset_ID,Version_No,Split_Type) VALUES ('3e666d4b-68e4-437f-8210-972eb4041048','63df9178-8c5e-417a-b53b-9e794beb8dd2','v2.0','Train');
INSERT INTO Dataset_Used(Run_ID,Dataset_ID,Version_No,Split_Type) VALUES ('c82ff913-6c84-4316-b933-b37d3ed273a0','444e4296-905b-449a-b78c-b3dd9dec0bee','v1.0','Test');
INSERT INTO Dataset_Used(Run_ID,Dataset_ID,Version_No,Split_Type) VALUES ('c82ff913-6c84-4316-b933-b37d3ed273a0','f8037821-5db6-4f36-a1be-d7171c9ac615','v1.0','Validation');
INSERT INTO Dataset_Used(Run_ID,Dataset_ID,Version_No,Split_Type) VALUES ('c82ff913-6c84-4316-b933-b37d3ed273a0','f3209a9d-fda3-435f-b901-be88128ff77c','v2.0','Train');
INSERT INTO Dataset_Used(Run_ID,Dataset_ID,Version_No,Split_Type) VALUES ('2abfba1f-f7c3-4997-8708-94214ef79353','05f61ede-a3c8-4077-a72d-b54dcd6da337','v1.0','Test');
INSERT INTO Dataset_Used(Run_ID,Dataset_ID,Version_No,Split_Type) VALUES ('2abfba1f-f7c3-4997-8708-94214ef79353','926b90a9-4ca9-4192-b8dc-04e7c2534fcd','v1.0','Train');
INSERT INTO Dataset_Used(Run_ID,Dataset_ID,Version_No,Split_Type) VALUES ('2abfba1f-f7c3-4997-8708-94214ef79353','f8037821-5db6-4f36-a1be-d7171c9ac615','v2.0','Validation');
INSERT INTO Dataset_Used(Run_ID,Dataset_ID,Version_No,Split_Type) VALUES ('bc077571-21ea-4e67-bee2-e340367438c1','cdd458b6-03fb-4854-a3d9-6281b64f499a','v1.0','Train');
INSERT INTO Dataset_Used(Run_ID,Dataset_ID,Version_No,Split_Type) VALUES ('bc077571-21ea-4e67-bee2-e340367438c1','2c7aeead-a0fd-4ee5-a81b-89f869f2d7de','v1.0','Test');
INSERT INTO Dataset_Used(Run_ID,Dataset_ID,Version_No,Split_Type) VALUES ('bc077571-21ea-4e67-bee2-e340367438c1','dedfd071-fc3f-4649-96f1-f5045678e19e','v1.0','Validation');
INSERT INTO Dataset_Used(Run_ID,Dataset_ID,Version_No,Split_Type) VALUES ('040e5a3f-9071-4c1b-b4ad-001d1ba5988d','cdd458b6-03fb-4854-a3d9-6281b64f499a','v1.0','Train');
INSERT INTO Dataset_Used(Run_ID,Dataset_ID,Version_No,Split_Type) VALUES ('be79f51d-797e-47b6-aec4-fa4916ad399f','14811ef7-3374-4879-aa00-993c0a0eb247','v2.0','Validation');
INSERT INTO Dataset_Used(Run_ID,Dataset_ID,Version_No,Split_Type) VALUES ('be79f51d-797e-47b6-aec4-fa4916ad399f','86fb760b-18a6-43d0-9c48-b6a45f393409','v2.0','Train');
INSERT INTO Dataset_Used(Run_ID,Dataset_ID,Version_No,Split_Type) VALUES ('0f6ecc9d-fe1b-4ed2-8375-3344d4529c62','86fb760b-18a6-43d0-9c48-b6a45f393409','v1.0','Test');
INSERT INTO Dataset_Used(Run_ID,Dataset_ID,Version_No,Split_Type) VALUES ('b43288bb-ae20-4bf3-b4ed-5745e35f689d','05f61ede-a3c8-4077-a72d-b54dcd6da337','v3.0','Train');
INSERT INTO Dataset_Used(Run_ID,Dataset_ID,Version_No,Split_Type) VALUES ('c6f9ec0f-7ca8-4868-a74b-2dc1b5cf42f1','cdd458b6-03fb-4854-a3d9-6281b64f499a','v3.0','Validation');
INSERT INTO Dataset_Used(Run_ID,Dataset_ID,Version_No,Split_Type) VALUES ('da416d1f-c75a-4326-ab50-76c7e13cb79e','0fd186d5-4da1-490a-8a79-b79bfd65f411','v1.0','Test');
INSERT INTO Dataset_Used(Run_ID,Dataset_ID,Version_No,Split_Type) VALUES ('da416d1f-c75a-4326-ab50-76c7e13cb79e','f8037821-5db6-4f36-a1be-d7171c9ac615','v1.0','Validation');
INSERT INTO Dataset_Used(Run_ID,Dataset_ID,Version_No,Split_Type) VALUES ('da416d1f-c75a-4326-ab50-76c7e13cb79e','f8037821-5db6-4f36-a1be-d7171c9ac615','v2.0','Train');
INSERT INTO Dataset_Used(Run_ID,Dataset_ID,Version_No,Split_Type) VALUES ('a47f1787-639b-41dd-8c75-5dccad1d2cf8','f3209a9d-fda3-435f-b901-be88128ff77c','v2.0','Validation');
INSERT INTO Dataset_Used(Run_ID,Dataset_ID,Version_No,Split_Type) VALUES ('a47f1787-639b-41dd-8c75-5dccad1d2cf8','2c7aeead-a0fd-4ee5-a81b-89f869f2d7de','v1.0','Train');
INSERT INTO Dataset_Used(Run_ID,Dataset_ID,Version_No,Split_Type) VALUES ('7e92014f-1488-42db-8fd5-3cde3e4fbd30','37a6d4d7-2be1-4b10-983a-83d9befde9b2','v1.0','Validation');
INSERT INTO Dataset_Used(Run_ID,Dataset_ID,Version_No,Split_Type) VALUES ('661fff83-a2ce-468f-9fcf-eda7f51fd419','0fd186d5-4da1-490a-8a79-b79bfd65f411','v1.0','Validation');
INSERT INTO Dataset_Used(Run_ID,Dataset_ID,Version_No,Split_Type) VALUES ('661fff83-a2ce-468f-9fcf-eda7f51fd419','9fec595f-a45f-45e0-8e1a-74639be0ddca','v1.0','Train');
INSERT INTO Dataset_Used(Run_ID,Dataset_ID,Version_No,Split_Type) VALUES ('5dc0bbc3-d425-4bb9-a31f-b601d72c004f','cdd458b6-03fb-4854-a3d9-6281b64f499a','v2.0','Validation');
INSERT INTO Dataset_Used(Run_ID,Dataset_ID,Version_No,Split_Type) VALUES ('5dc0bbc3-d425-4bb9-a31f-b601d72c004f','0fd186d5-4da1-490a-8a79-b79bfd65f411','v1.0','Train');
INSERT INTO Dataset_Used(Run_ID,Dataset_ID,Version_No,Split_Type) VALUES ('a5d3494c-dd0d-47dc-a923-ce57096b30dc','dedfd071-fc3f-4649-96f1-f5045678e19e','v1.0','Train');
INSERT INTO Dataset_Used(Run_ID,Dataset_ID,Version_No,Split_Type) VALUES ('a5d3494c-dd0d-47dc-a923-ce57096b30dc','14811ef7-3374-4879-aa00-993c0a0eb247','v1.0','Validation');
INSERT INTO Dataset_Used(Run_ID,Dataset_ID,Version_No,Split_Type) VALUES ('40a6befd-2b29-49d8-9407-ad8de23a6859','63df9178-8c5e-417a-b53b-9e794beb8dd2','v1.0','Train');
INSERT INTO Dataset_Used(Run_ID,Dataset_ID,Version_No,Split_Type) VALUES ('be8b5ee2-52a4-4443-9a9c-63bb1a4f15f6','05f61ede-a3c8-4077-a72d-b54dcd6da337','v2.0','Train');
INSERT INTO Dataset_Used(Run_ID,Dataset_ID,Version_No,Split_Type) VALUES ('be8b5ee2-52a4-4443-9a9c-63bb1a4f15f6','2c7aeead-a0fd-4ee5-a81b-89f869f2d7de','v1.0','Test');
INSERT INTO Dataset_Used(Run_ID,Dataset_ID,Version_No,Split_Type) VALUES ('be8b5ee2-52a4-4443-9a9c-63bb1a4f15f6','f3209a9d-fda3-435f-b901-be88128ff77c','v1.0','Validation');
INSERT INTO Dataset_Used(Run_ID,Dataset_ID,Version_No,Split_Type) VALUES ('fcf1ad5a-7a49-45f5-b7ec-15e9b7726eaf','444e4296-905b-449a-b78c-b3dd9dec0bee','v2.0','Train');
INSERT INTO Dataset_Used(Run_ID,Dataset_ID,Version_No,Split_Type) VALUES ('b4b692b8-d407-4333-abfc-58740d166c51','37a6d4d7-2be1-4b10-983a-83d9befde9b2','v2.0','Train');
INSERT INTO Dataset_Used(Run_ID,Dataset_ID,Version_No,Split_Type) VALUES ('b4b692b8-d407-4333-abfc-58740d166c51','37a6d4d7-2be1-4b10-983a-83d9befde9b2','v3.0','Test');
INSERT INTO Dataset_Used(Run_ID,Dataset_ID,Version_No,Split_Type) VALUES ('ab9ff3bb-6e23-47d1-8879-49c3901216bf','0fd186d5-4da1-490a-8a79-b79bfd65f411','v2.0','Test');
INSERT INTO Dataset_Used(Run_ID,Dataset_ID,Version_No,Split_Type) VALUES ('dd7d9f79-7440-428e-9ff0-71ae61ff9320','05f61ede-a3c8-4077-a72d-b54dcd6da337','v1.0','Validation');
INSERT INTO Dataset_Used(Run_ID,Dataset_ID,Version_No,Split_Type) VALUES ('dd7d9f79-7440-428e-9ff0-71ae61ff9320','cdd458b6-03fb-4854-a3d9-6281b64f499a','v1.0','Train');
INSERT INTO Dataset_Used(Run_ID,Dataset_ID,Version_No,Split_Type) VALUES ('dd7d9f79-7440-428e-9ff0-71ae61ff9320','444e4296-905b-449a-b78c-b3dd9dec0bee','v2.0','Test');
